ABCA2_-_139922596.23-P1P2|ABCA2_+_139922669.23-P1P2++ABCA2_-_139922596.23-P1P2|ABCA2_+_139922669.23-P1P2,8
ACER2_+_19409007.23-P1P2|ACER2_-_19409274.23-P1P2++ACER2_+_19409007.23-P1P2|ACER2_-_19409274.23-P1P2,11
ACOT2_+_74035740.23-P1P2|ACOT2_-_74036051.23-P1P2++ACOT2_+_74035740.23-P1P2|ACOT2_-_74036051.23-P1P2,1
ACOT6_+_74077704.23-P1P2|ACOT6_+_74077926.23-P1P2++ACOT6_+_74077704.23-P1P2|ACOT6_+_74077926.23-P1P2,3
ACSBG1_+_78526846.23-P1P2|ACSBG1_-_78526810.23-P1P2++ACSBG1_+_78526846.23-P1P2|ACSBG1_-_78526810.23-P1P2,1
ACTL6B_+_100253966.23-P1P2|ACTL6B_+_100253969.23-P1P2++ACTL6B_+_100253966.23-P1P2|ACTL6B_+_100253969.23-P1P2,2
ACTR8_+_53916142.23-P1P2|ACTR8_+_53916157.23-P1P2++ACTR8_+_53916142.23-P1P2|ACTR8_+_53916157.23-P1P2,2
ACVR1B_-_52345530.23-P1P2|ACVR1B_+_52345561.23-P1P2++GLCCI1_-_8008450.23-P1P2|GLCCI1_+_8008976.23-P1P2,2
ACVR1C_+_158485339.23-P1P2|ACVR1C_-_158485307.23-P1P2++ACVR1C_+_158485339.23-P1P2|ACVR1C_-_158485307.23-P1P2,6
ACY3_+_67414985.23-P2|ACY3_-_67414970.23-P2++ACY3_+_67414985.23-P2|ACY3_-_67414970.23-P2,5
ADAT2_-_143771826.23-P1P2|ADAT2_+_143771740.23-P1P2++ADAT2_-_143771826.23-P1P2|ADAT2_+_143771740.23-P1P2,3
ADPRHL2_+_36554555.23-P1P2|ADPRHL2_-_36554523.23-P1P2++ADPRHL2_+_36554555.23-P1P2|ADPRHL2_-_36554523.23-P1P2,4
AFMID_+_76183477.23-P1P2|AFMID_+_76183490.23-P1P2++AFMID_+_76183477.23-P1P2|AFMID_+_76183490.23-P1P2,8
AGBL5_+_27274578.23-P1|AGBL5_+_27274969.23-P1++AGBL5_+_27274578.23-P1|AGBL5_+_27274969.23-P1,10
AGK_-_141251386.23-P1P2|AGK_-_141251280.23-P1P2++AGK_-_141251386.23-P1P2|AGK_-_141251280.23-P1P2,2
AHNAK2_+_105444688.23-P2|AHNAK2_-_105444648.23-P2++AHNAK2_+_105444688.23-P2|AHNAK2_-_105444648.23-P2,1
ALB_+_74275112.23-P2|ALB_+_74275099.23-P2++ALB_+_74275112.23-P2|ALB_+_74275099.23-P2,2
ALDH3A1_+_19651582.23-P1P2|ALDH3A1_-_19651612.23-P1P2++ALDH3A1_+_19651582.23-P1P2|ALDH3A1_-_19651612.23-P1P2,3
ALDH6A1_+_74551093.23-P1P2|ALDH6A1_+_74551090.23-P1P2++ALDH6A1_+_74551093.23-P1P2|ALDH6A1_+_74551090.23-P1P2,3
ALDOC_+_26903892.23-P1P2|ALDOC_-_26903885.23-P1P2++ALDOC_+_26903892.23-P1P2|ALDOC_-_26903885.23-P1P2,1
ANK3_+_62149513.23-P1P2|ANK3_+_62149538.23-P1P2++ANK3_+_62149513.23-P1P2|ANK3_+_62149538.23-P1P2,8
ANKMY2_+_16685345.23-P1P2|ANKMY2_-_16685324.23-P1P2++ANKMY2_+_16685345.23-P1P2|ANKMY2_-_16685324.23-P1P2,1
ANKRD11_+_89556932.23-P1P2|ANKRD11_-_89556765.23-P1P2++ANKRD11_+_89556932.23-P1P2|ANKRD11_-_89556765.23-P1P2,5
AP4B1_-_114447335.23-P1P2|AP4B1_+_114447589.23-P1P2++AP4B1_-_114447335.23-P1P2|AP4B1_+_114447589.23-P1P2,1
APLNR_+_57004653.23-P1P2|APLNR_+_57004672.23-P1P2++APLNR_+_57004653.23-P1P2|APLNR_+_57004672.23-P1P2,16
APLP1_-_36359530.23-P1P2|APLP1_-_36359489.23-P1P2++APLP1_-_36359530.23-P1P2|APLP1_-_36359489.23-P1P2,1
APOB_-_21266915.23-P1P2|APOB_-_21266941.23-P1P2++APOB_-_21266915.23-P1P2|APOB_-_21266941.23-P1P2,3
APOC4_+_45445578.23-P1P2|APOC4_+_45445542.23-P1P2++APOC4_+_45445578.23-P1P2|APOC4_+_45445542.23-P1P2,1
ARF4_-_57583033.23-P1P2|ARF4_+_57583046.23-P1P2++ARF4_-_57583033.23-P1P2|ARF4_+_57583046.23-P1P2,1
ARFGEF1_+_68255970.23-P1P2|ARFGEF1_+_68255550.23-P1P2++ARFGEF1_+_68255970.23-P1P2|ARFGEF1_+_68255550.23-P1P2,1
ARHGEF40_-_21538483.23-P1P2|ARHGEF40_-_21538491.23-P1P2++ARHGEF40_-_21538483.23-P1P2|ARHGEF40_-_21538491.23-P1P2,7
ARHGEF7_-_111767696.23-ENST00000370623.3|ARHGEF7_+_111767892.23-ENST00000370623.3++ARHGEF7_-_111767696.23-ENST00000370623.3|ARHGEF7_+_111767892.23-ENST00000370623.3,2
ARL4C_+_235405676.23-P1P2|ARL4C_+_235405481.23-P1P2++ARL4C_+_235405676.23-P1P2|ARL4C_+_235405481.23-P1P2,2
ARPC1B_-_98972410.23-P1P2|ARPC1B_-_98972364.23-P1P2++ARPC1B_-_98972410.23-P1P2|ARPC1B_-_98972364.23-P1P2,1
ARRDC1_+_140500210.23-P1P2|ARRDC1_+_140500153.23-P1P2++ARRDC1_+_140500210.23-P1P2|ARRDC1_+_140500153.23-P1P2,1
ASF1B_+_14247360.23-P1P2|ASF1B_-_14247349.23-P1P2++ASF1B_+_14247360.23-P1P2|ASF1B_-_14247349.23-P1P2,10
ATP8B1_+_55470527.23-P1P2|ATP8B1_-_55470587.23-P1P2++ATP8B1_+_55470527.23-P1P2|ATP8B1_-_55470587.23-P1P2,5
ATP8B2_-_154298056.23-P1|ATP8B2_+_154298085.23-P1++ATP8B2_-_154298056.23-P1|ATP8B2_+_154298085.23-P1,1
ATPIF1_-_28562890.23-P1P2|ATPIF1_-_28562775.23-P1P2++ATPIF1_-_28562890.23-P1P2|ATPIF1_-_28562775.23-P1P2,2
BAHD1_-_40733183.23-P1P2|BAHD1_+_40733399.23-P1P2++BAHD1_-_40733183.23-P1P2|BAHD1_+_40733399.23-P1P2,6
BAIAP2L2_-_38484880.23-P1|BAIAP2L2_+_38484955.23-P1++BAIAP2L2_-_38484880.23-P1|BAIAP2L2_+_38484955.23-P1,6
BATF3_+_212873228.23-P1P2|BATF3_+_212873270.23-P1P2++BATF3_+_212873228.23-P1P2|BATF3_+_212873270.23-P1P2,6
BBS9_+_33169223.23-P1P2|BBS9_+_33169228.23-P1P2++BBS9_+_33169223.23-P1P2|BBS9_+_33169228.23-P1P2,2
BEST1_+_61717880.23-P1|BEST1_-_61717870.23-P1++BEST1_+_61717880.23-P1|BEST1_-_61717870.23-P1,4
BIN1_-_127864649.23-P1P2|BIN1_-_127864665.23-P1P2++BIN1_-_127864649.23-P1P2|BIN1_-_127864665.23-P1P2,4
BLOC1S3_-_45682058.23-P1|BLOC1S3_-_45682052.23-P1++BLOC1S3_-_45682058.23-P1|BLOC1S3_-_45682052.23-P1,2
BLVRB_-_40971633.23-P1P2|BLVRB_-_40971612.23-P1P2++BLVRB_-_40971633.23-P1P2|BLVRB_-_40971612.23-P1P2,10
BOC_+_112930423.23-P1P2|BOC_-_112930359.23-P1P2++BOC_+_112930423.23-P1P2|BOC_-_112930359.23-P1P2,4
BTBD9_+_38607525.23-P1P2|BTBD9_+_38607692.23-P1P2++BTBD9_+_38607525.23-P1P2|BTBD9_+_38607692.23-P1P2,1
BZW1_+_201676657.23-P1P2|BZW1_-_201676648.23-P1P2++BZW1_+_201676657.23-P1P2|BZW1_-_201676648.23-P1P2,2
C10orf62_+_99349518.23-P1P2|C10orf62_+_99349483.23-P1P2++C10orf62_+_99349518.23-P1P2|C10orf62_+_99349483.23-P1P2,1
C10orf67_-_23633578.23-P1P2|C10orf67_+_23633356.23-P1P2++C10orf67_-_23633578.23-P1P2|C10orf67_+_23633356.23-P1P2,7
C12orf5_-_4430394.23-P1P2|C12orf5_-_4430419.23-P1P2++C12orf5_-_4430394.23-P1P2|C12orf5_-_4430419.23-P1P2,7
C14orf2_+_104387850.23-P1P2|C14orf2_-_104387824.23-P1P2++C14orf2_+_104387850.23-P1P2|C14orf2_-_104387824.23-P1P2,2
C16orf3_+_90095906.23-ENST00000408886.2|C16orf3_+_90096016.23-ENST00000408886.2++C16orf3_+_90095906.23-ENST00000408886.2|C16orf3_+_90096016.23-ENST00000408886.2,3
C16orf82_-_27078295.23-P1P2|C16orf82_+_27078306.23-P1P2++C16orf82_-_27078295.23-P1P2|C16orf82_+_27078306.23-P1P2,8
C16orf89_-_5115863.23-P1P2|C16orf89_+_5115905.23-P1P2++C16orf89_-_5115863.23-P1P2|C16orf89_+_5115905.23-P1P2,1
C19orf45_+_7571704.23-P1|C19orf45_+_7571818.23-P1++C19orf45_+_7571704.23-P1|C19orf45_+_7571818.23-P1,4
C19orf71_+_3539247.23-P1P2|C19orf71_+_3539205.23-P1P2++C19orf71_+_3539247.23-P1P2|C19orf71_+_3539205.23-P1P2,2
C1orf50_+_43233182.23-P1P2|C1orf50_-_43232988.23-P1P2++C1orf50_+_43233182.23-P1P2|C1orf50_-_43232988.23-P1P2,5
C20orf166_+_61147735.23-P1P2|C20orf166_+_61147731.23-P1P2++C20orf166_+_61147735.23-P1P2|C20orf166_+_61147731.23-P1P2,2
C22orf26_-_46450036.23-P1P2|C22orf26_-_46450089.23-P1P2++C22orf26_-_46450036.23-P1P2|C22orf26_-_46450089.23-P1P2,2
C3orf79_-_153202337.23-ENST00000446603.2|C3orf79_+_153202501.23-ENST00000446603.2++C3orf79_-_153202337.23-ENST00000446603.2|C3orf79_+_153202501.23-ENST00000446603.2,6
C4orf33_-_130014912.23-P1|C4orf33_+_130014922.23-P1++C4orf33_-_130014912.23-P1|C4orf33_+_130014922.23-P1,4
C5orf30_+_102594537.23-P1P2|C5orf30_+_102594501.23-P1P2++C5orf30_+_102594537.23-P1P2|C5orf30_+_102594501.23-P1P2,1
C5orf63_+_126409176.23-P1P2|C5orf63_-_126409096.23-P1P2++C5orf63_+_126409176.23-P1P2|C5orf63_-_126409096.23-P1P2,1
C7orf65_-_47694868.23-ENST00000408988.2|C7orf65_-_47694875.23-ENST00000408988.2++C7orf65_-_47694868.23-ENST00000408988.2|C7orf65_-_47694875.23-ENST00000408988.2,1
C8orf33_-_146277895.23-P1P2|C8orf33_-_146277883.23-P1P2++CXCL10_-_76944615.23-P1P2|CXCL10_-_76944661.23-P1P2,1
C8orf47_+_99076832.23-P1P2|C8orf47_+_99076848.23-P1P2++C8orf47_+_99076832.23-P1P2|C8orf47_+_99076848.23-P1P2,1
C8orf87_+_94179040.23-P1P2|C8orf87_+_94179026.23-P1P2++C8orf87_+_94179040.23-P1P2|C8orf87_+_94179026.23-P1P2,3
C9orf129_-_96108531.23-P1P2|C9orf129_-_96108545.23-P1P2++C9orf129_-_96108531.23-P1P2|C9orf129_-_96108545.23-P1P2,5
CA12_+_63674039.23-P1P2|CA12_+_63674036.23-P1P2++CA12_+_63674039.23-P1P2|CA12_+_63674036.23-P1P2,2
CA8_-_61193912.23-P1P2|CA8_-_61193943.23-P1P2++CA8_-_61193912.23-P1P2|CA8_-_61193943.23-P1P2,1
CACNG3_+_24267774.23-P1P2|CACNG3_+_24267763.23-P1P2++CACNG3_+_24267774.23-P1P2|CACNG3_+_24267763.23-P1P2,4
CACNG8_+_54466209.23-P1|CACNG8_+_54466206.23-P1++CACNG8_+_54466209.23-P1|CACNG8_+_54466206.23-P1,6
CALHM1_+_105218592.23-P1P2|CALHM1_-_105218413.23-P1P2++CALHM1_+_105218592.23-P1P2|CALHM1_-_105218413.23-P1P2,4
CAMKK1_-_3796331.23-P1P2|CAMKK1_+_3796314.23-P1P2++CAMKK1_-_3796331.23-P1P2|CAMKK1_+_3796314.23-P1P2,2
CAMP_+_48265026.23-P1P2|CAMP_-_48264975.23-P1P2++CAMP_+_48265026.23-P1P2|CAMP_-_48264975.23-P1P2,5
CAPG_+_85637474.23-P2|CAPG_+_85637394.23-P2++CAPG_+_85637474.23-P2|CAPG_+_85637394.23-P2,3
CAPRIN2_+_30907465.23-P1P2|CAPRIN2_+_30907816.23-P1P2++CAPRIN2_+_30907465.23-P1P2|CAPRIN2_+_30907816.23-P1P2,2
CASR_-_121902759.23-P1P2|CASR_-_121902593.23-P1P2++CASR_-_121902759.23-P1P2|CASR_-_121902593.23-P1P2,3
CCDC116_-_21987107.23-P1P2|CCDC116_-_21987088.23-P1P2++CCDC116_-_21987107.23-P1P2|CCDC116_-_21987088.23-P1P2,3
CCDC124_-_18043872.23-P1|CCDC124_+_18043884.23-P1++CCDC124_-_18043872.23-P1|CCDC124_+_18043884.23-P1,5
CCDC173_+_170550890.23-P1P2|CCDC173_+_170550833.23-P1P2++CCDC173_+_170550890.23-P1P2|CCDC173_+_170550833.23-P1P2,1
CCDC33_+_74528704.23-P2|CCDC33_+_74528717.23-P2++CCDC33_+_74528704.23-P2|CCDC33_+_74528717.23-P2,3
CCDC59_+_82752125.23-P1P2|CCDC59_+_82752145.23-P1P2++CCDC59_+_82752125.23-P1P2|CCDC59_+_82752145.23-P1P2,2
CCDC74A_+_132285430.23-P1P2|CCDC74A_+_132285426.23-P1P2++CCDC74A_+_132285430.23-P1P2|CCDC74A_+_132285426.23-P1P2,1
CCL3_+_34417463.23-P1P2|CCL3_-_34417416.23-P1P2++CCL3_+_34417463.23-P1P2|CCL3_-_34417416.23-P1P2,5
CD28_+_204571355.23-P1P2|CD28_-_204571412.23-P1P2++CD28_+_204571355.23-P1P2|CD28_-_204571412.23-P1P2,5
CDC27_+_45266576.23-P1P2|CDC27_+_45266436.23-P1P2++CDC27_+_45266576.23-P1P2|CDC27_+_45266436.23-P1P2,4
CDH22_-_44936726.23-P1P2|CDH22_-_44936656.23-P1P2++CDH22_-_44936726.23-P1P2|CDH22_-_44936656.23-P1P2,4
CDK2AP2_+_67275586.23-P1P2|CDK2AP2_-_67275599.23-P1P2++CDK2AP2_+_67275586.23-P1P2|CDK2AP2_-_67275599.23-P1P2,3
CDSN_+_31088191.23-P1P2|CDSN_+_31088154.23-P1P2++KLF13_+_31619099.23-P1P2|KLF13_-_31619098.23-P1P2,3
CECR2_-_17956852.23-P1P2|CECR2_+_17956676.23-P1P2++CECR2_-_17956852.23-P1P2|CECR2_+_17956676.23-P1P2,4
CENPV_+_16256735.23-P1P2|CENPV_-_16256724.23-P1P2++CENPV_+_16256735.23-P1P2|CENPV_-_16256724.23-P1P2,1
CEP104_+_3773724.23-P1P2|CEP104_+_3773746.23-P1P2++CEP104_+_3773724.23-P1P2|CEP104_+_3773746.23-P1P2,9
CEP85L_-_118972703.23-P1P2|CEP85L_-_118972539.23-P1P2++CEP85L_-_118972703.23-P1P2|CEP85L_-_118972539.23-P1P2,2
CERKL_-_182545320.23-P2|CERKL_+_182545306.23-P2++CERKL_-_182545320.23-P2|CERKL_+_182545306.23-P2,2
CERS4_-_8274277.23-P1P2|CERS4_-_8274428.23-P1P2++CERS4_-_8274277.23-P1P2|CERS4_-_8274428.23-P1P2,1
CFLAR_-_201980968.23-P1|CFLAR_+_201981338.23-P1++CFLAR_-_201980968.23-P1|CFLAR_+_201981338.23-P1,5
CGB5_+_49547102.23-P1P2|CGB5_+_49547377.23-P1P2++CGB5_+_49547102.23-P1P2|CGB5_+_49547377.23-P1P2,4
CHAT_-_50821200.23-P2|CHAT_-_50821206.23-P2++CHAT_-_50821200.23-P2|CHAT_-_50821206.23-P2,1
CHRD_+_184098084.23-P1P2|CHRD_-_184098324.23-P1P2++CHRD_+_184098084.23-P1P2|CHRD_-_184098324.23-P1P2,1
CHRNA10_-_3692566.23-ENST00000250699.2|CHRNA10_-_3692605.23-ENST00000250699.2++CHRNA10_-_3692566.23-ENST00000250699.2|CHRNA10_-_3692605.23-ENST00000250699.2,2
CHRNA4_+_61992566.23-P1P2|CHRNA4_-_61992667.23-P1P2++CHRNA4_+_61992566.23-P1P2|CHRNA4_-_61992667.23-P1P2,1
CHTOP_-_153606538.23-P1P2|CHTOP_-_153606547.23-P1P2++CHTOP_-_153606538.23-P1P2|CHTOP_-_153606547.23-P1P2,9
CIB2_-_78423718.23-P1P2|CIB2_-_78423715.23-P1P2++CIB2_-_78423718.23-P1P2|CIB2_-_78423715.23-P1P2,14
CLDN19_-_43205852.23-P1P2|CLDN19_-_43205932.23-P1P2++CLDN19_-_43205852.23-P1P2|CLDN19_-_43205932.23-P1P2,1
CLDN25_+_113650566.23-ENST00000453129.2|CLDN25_-_113650520.23-ENST00000453129.2++CLDN25_+_113650566.23-ENST00000453129.2|CLDN25_-_113650520.23-ENST00000453129.2,5
CLDN7_-_7165777.23-P1P2|CLDN7_-_7165733.23-P1P2++CLDN7_-_7165777.23-P1P2|CLDN7_-_7165733.23-P1P2,1
CLEC4G_-_7796950.23-P1P2|CLEC4G_+_7796699.23-P1P2++CLEC4G_-_7796950.23-P1P2|CLEC4G_+_7796699.23-P1P2,9
CLK4_+_178054052.23-P1P2|CLK4_+_178054000.23-P1P2++CLK4_+_178054052.23-P1P2|CLK4_+_178054000.23-P1P2,1
CLPX_+_65477656.23-P1P2|CLPX_-_65477262.23-P1P2++CLPX_+_65477656.23-P1P2|CLPX_-_65477262.23-P1P2,2
COL15A1_+_101706204.23-P1P2|COL15A1_+_101706183.23-P1P2++COL15A1_+_101706204.23-P1P2|COL15A1_+_101706183.23-P1P2,1
COL1A1_+_48278955.23-P1P2|COL1A1_+_48278983.23-P1P2++COL1A1_+_48278955.23-P1P2|COL1A1_+_48278983.23-P1P2,1
COQ4_-_131085196.23-P1P2|COQ4_+_131085154.23-P1P2++COQ4_-_131085196.23-P1P2|COQ4_+_131085154.23-P1P2,7
CORO1B_-_67210879.23-P1|CORO1B_-_67210919.23-P1++CORO1B_-_67210879.23-P1|CORO1B_-_67210919.23-P1,6
COX15_+_101491824.23-P1P2|COX15_-_101491751.23-P1P2++COX15_+_101491824.23-P1P2|COX15_-_101491751.23-P1P2,5
CPN1_-_101841001.23-P1P2|CPN1_-_101841373.23-P1P2++CPN1_-_101841001.23-P1P2|CPN1_-_101841373.23-P1P2,13
CPT2_-_53662547.23-P1P2|CPT2_-_53662885.23-P1P2++CPT2_-_53662547.23-P1P2|CPT2_-_53662885.23-P1P2,3
CPXCR1_-_88002248.23-P1P2|CPXCR1_-_88002241.23-P1P2++CPXCR1_-_88002248.23-P1P2|CPXCR1_-_88002241.23-P1P2,1
CREBRF_-_172483425.23-P1|CREBRF_-_172483410.23-P1++CREBRF_-_172483425.23-P1|CREBRF_-_172483410.23-P1,3
CRIPAK_-_1385735.23-P1P2|CRIPAK_-_1385690.23-P1P2++CRIPAK_-_1385735.23-P1P2|CRIPAK_-_1385690.23-P1P2,1
CRISPLD1_+_75896812.23-P1P2|CRISPLD1_+_75896820.23-P1P2++CRISPLD1_+_75896812.23-P1P2|CRISPLD1_+_75896820.23-P1P2,5
CSMD1_+_4852109.23-P1P2|CSMD1_-_4852476.23-P1P2++CSMD1_+_4852109.23-P1P2|CSMD1_-_4852476.23-P1P2,1
CSMD3_+_114449097.23-P1P2|CSMD3_+_114449116.23-P1P2++CSMD3_+_114449097.23-P1P2|CSMD3_+_114449116.23-P1P2,3
CSNK1G2_-_1941181.23-P1P2|CSNK1G2_-_1941178.23-P1P2++CSNK1G2_-_1941181.23-P1P2|CSNK1G2_-_1941178.23-P1P2,3
CTAG1A_-_153813690.23-ENST00000333128.3|CTAG1A_-_153813914.23-ENST00000333128.3++CTAG1A_-_153813690.23-ENST00000333128.3|CTAG1A_-_153813914.23-ENST00000333128.3,3
CTPS2_+_16730773.23-P1P2|CTPS2_+_16730765.23-P1P2++CTPS2_+_16730773.23-P1P2|CTPS2_+_16730765.23-P1P2,1
CTTN_-_70244688.23-P1P2|CTTN_-_70244720.23-P1P2++CTTN_-_70244688.23-P1P2|CTTN_-_70244720.23-P1P2,7
CXCL2_+_74965031.23-P1P2|CXCL2_-_74964874.23-P1P2++CXCL2_+_74965031.23-P1P2|CXCL2_-_74964874.23-P1P2,3
CXCL6_+_74702409.23-P1P2|CXCL6_+_74702443.23-P1P2++CXCL6_+_74702409.23-P1P2|CXCL6_+_74702443.23-P1P2,2
CYP27A1_-_219646908.23-P1P2|CYP27A1_-_219646882.23-P1P2++CYP27A1_-_219646908.23-P1P2|CYP27A1_-_219646882.23-P1P2,3
DCAF4L1_-_41983839.23-P1P2|DCAF4L1_-_41983812.23-P1P2++DCAF4L1_-_41983839.23-P1P2|DCAF4L1_-_41983812.23-P1P2,2
DCBLD1_-_117803842.23-P1P2|DCBLD1_-_117803866.23-P1P2++DCBLD1_-_117803842.23-P1P2|DCBLD1_-_117803866.23-P1P2,1
DDB1_+_61100555.23-P1|DDB1_+_61100263.23-P1++DDB1_+_61100555.23-P1|DDB1_+_61100263.23-P1,4
DDX19B_-_70328715.23-P2|DDX19B_+_70328743.23-P2++DDX19B_-_70328715.23-P2|DDX19B_+_70328743.23-P2,1
DEF6_+_35265673.23-P1P2|DEF6_+_35265661.23-P1P2++DEF6_+_35265673.23-P1P2|DEF6_+_35265661.23-P1P2,4
DEFB123_-_30028626.23-P1P2|DEFB123_+_30028458.23-P1P2++DEFB123_-_30028626.23-P1P2|DEFB123_+_30028458.23-P1P2,1
DEFB126_+_123276.23-P1P2|DEFB126_+_123265.23-P1P2++DEFB126_+_123276.23-P1P2|DEFB126_+_123265.23-P1P2,1
DENND1B_+_197744557.23-P1P2|DENND1B_-_197744556.23-P1P2++DENND1B_+_197744557.23-P1P2|DENND1B_-_197744556.23-P1P2,1
DESI2_+_244816421.23-P1P2|DESI2_-_244816441.23-P1P2++DESI2_+_244816421.23-P1P2|DESI2_-_244816441.23-P1P2,1
DHRS4L2_+_24458116.23-ENST00000382755.4|DHRS4L2_-_24458058.23-ENST00000382755.4++DHRS4L2_+_24458116.23-ENST00000382755.4|DHRS4L2_-_24458058.23-ENST00000382755.4,12
DHRS7C_-_9694670.23-P1P2|DHRS7C_-_9694810.23-P1P2++DHRS7C_-_9694670.23-P1P2|DHRS7C_-_9694810.23-P1P2,4
DHX58_-_40264665.23-P1P2|DHX58_-_40264676.23-P1P2++DHX58_-_40264665.23-P1P2|DHX58_-_40264676.23-P1P2,7
DIAPH3_-_60737842.23-P1P2|DIAPH3_+_60738025.23-P1P2++DIAPH3_-_60737842.23-P1P2|DIAPH3_+_60738025.23-P1P2,3
DIP2A_+_47879021.23-P1P2|DIP2A_+_47878800.23-P1P2++DIP2A_+_47879021.23-P1P2|DIP2A_+_47878800.23-P1P2,1
DMC1_-_38966148.23-P1P2|DMC1_+_38966174.23-P1P2++DMC1_-_38966148.23-P1P2|DMC1_+_38966174.23-P1P2,1
DMPK_+_46285701.23-P1P2|DMPK_-_46285672.23-P1P2++DMPK_+_46285701.23-P1P2|DMPK_-_46285672.23-P1P2,2
DNM1L_+_32832245.23-P1P2|DNM1L_-_32832237.23-P1P2++DNM1L_+_32832245.23-P1P2|DNM1L_-_32832237.23-P1P2,4
DOC2B_+_31394.23-P1P2|DOC2B_+_31383.23-P1P2++NUP214_-_134001051.23-P1P2|NUP214_-_134001039.23-P1P2,1
DSPP_+_88532108.23-ENST00000282478.7|DSPP_-_88532102.23-ENST00000282478.7++DSPP_+_88532108.23-ENST00000282478.7|DSPP_-_88532102.23-ENST00000282478.7,2
DUSP11_+_74007204.23-P1P2|DUSP11_+_74007021.23-P1P2++DUSP11_+_74007204.23-P1P2|DUSP11_+_74007021.23-P1P2,6
DVL3_-_183873291.23-P1P2|DVL3_-_183873225.23-P1P2++DVL3_-_183873291.23-P1P2|DVL3_-_183873225.23-P1P2,1
DYSF_-_71693839.23-P1|DYSF_-_71693868.23-P1++DYSF_-_71693839.23-P1|DYSF_-_71693868.23-P1,3
E2F3_-_20403886.23-P2|E2F3_+_20403967.23-P2++E2F3_-_20403886.23-P2|E2F3_+_20403967.23-P2,5
EBLN1_-_22498917.23-ENST00000422359.2|EBLN1_-_22498903.23-ENST00000422359.2++EBLN1_-_22498917.23-ENST00000422359.2|EBLN1_-_22498903.23-ENST00000422359.2,6
ECHS1_-_135186832.23-P1P2|ECHS1_+_135186873.23-P1P2++ECHS1_-_135186832.23-P1P2|ECHS1_+_135186873.23-P1P2,4
EFHD2_-_15736669.23-P1P2|EFHD2_+_15736857.23-P1P2++EFHD2_-_15736669.23-P1P2|EFHD2_+_15736857.23-P1P2,5
EFTUD2_+_42976772.23-P1P2|EFTUD2_+_42976714.23-P1P2++EFTUD2_+_42976772.23-P1P2|EFTUD2_+_42976714.23-P1P2,5
EIF1B_+_40351405.23-P1P2|EIF1B_+_40351214.23-P1P2++EIF1B_+_40351405.23-P1P2|EIF1B_+_40351214.23-P1P2,1
EIF2S2_-_32699803.23-P1P2|EIF2S2_-_32699538.23-P1P2++EIF2S2_-_32699803.23-P1P2|EIF2S2_-_32699538.23-P1P2,1
EIF3L_+_38245454.23-P1P2|EIF3L_-_38245450.23-P1P2++EIF3L_+_38245454.23-P1P2|EIF3L_-_38245450.23-P1P2,2
EMC2_+_109455869.23-P1P2|EMC2_-_109456069.23-P1P2++EMC2_+_109455869.23-P1P2|EMC2_-_109456069.23-P1P2,1
EMC4_-_34517276.23-P1P2|EMC4_-_34517254.23-P1P2++EMC4_-_34517276.23-P1P2|EMC4_-_34517254.23-P1P2,3
EME1_+_48450680.23-P1P2|EME1_-_48450651.23-P1P2++EME1_+_48450680.23-P1P2|EME1_-_48450651.23-P1P2,1
EMR2_-_14887559.23-P1|EMR2_+_14887426.23-P1++EMR2_-_14887559.23-P1|EMR2_+_14887426.23-P1,1
EPHA8_+_22890006.23-P1P2|EPHA8_+_22889995.23-P1P2++EPHA8_+_22890006.23-P1P2|EPHA8_+_22889995.23-P1P2,2
EQTN_+_27297101.23-P1P2|EQTN_+_27297074.23-P1P2++EQTN_+_27297101.23-P1P2|EQTN_+_27297074.23-P1P2,1
ERICH1_-_681164.23-P1P2|ERICH1_+_681172.23-P1P2++ERICH1_-_681164.23-P1P2|ERICH1_+_681172.23-P1P2,4
EVX2_-_176948337.23-P1P2|EVX2_-_176948557.23-P1P2++EVX2_-_176948337.23-P1P2|EVX2_-_176948557.23-P1P2,1
EXOC4_-_132937863.23-P1P2|EXOC4_+_132937814.23-P1P2++EXOC4_-_132937863.23-P1P2|EXOC4_+_132937814.23-P1P2,1
FAAH_-_46860023.23-P1P2|FAAH_-_46859998.23-P1P2++FAAH_-_46860023.23-P1P2|FAAH_-_46859998.23-P1P2,5
FABP1_-_88427537.23-P1P2|FABP1_-_88427540.23-P1P2++FABP1_-_88427537.23-P1P2|FABP1_-_88427540.23-P1P2,5
FAM105B_-_14664842.23-P1P2|FAM105B_+_14664857.23-P1P2++FAM105B_-_14664842.23-P1P2|FAM105B_+_14664857.23-P1P2,4
FAM110A_-_814457.23-P1P2|FAM110A_-_814417.23-P1P2++FAM110A_-_814457.23-P1P2|FAM110A_-_814417.23-P1P2,1
FAM132A_-_1182087.23-P1P2|FAM132A_-_1182050.23-P1P2++FAM132A_-_1182087.23-P1P2|FAM132A_-_1182050.23-P1P2,2
FAM163A_+_179712455.23-P1P2|FAM163A_+_179712469.23-P1P2++FAM163A_+_179712455.23-P1P2|FAM163A_+_179712469.23-P1P2,1
FAM188B_-_30811089.23-P1P2|FAM188B_+_30811057.23-P1P2++FAM188B_-_30811089.23-P1P2|FAM188B_+_30811057.23-P1P2,6
FAM198A_+_43020850.23-P1P2|FAM198A_-_43020860.23-P1P2++FAM198A_+_43020850.23-P1P2|FAM198A_-_43020860.23-P1P2,1
FAM222A_+_110151676.23-P1P2|FAM222A_-_110151686.23-P1P2++FAM222A_+_110151676.23-P1P2|FAM222A_-_110151686.23-P1P2,3
FAM3D_+_58652419.23-P2|FAM3D_+_58652457.23-P2++FAM3D_+_58652419.23-P2|FAM3D_+_58652457.23-P2,1
FAM47E_-_77172893.23-P1P2|FAM47E_+_77172894.23-P1P2++FAM47E_-_77172893.23-P1P2|FAM47E_+_77172894.23-P1P2,14
FAM83D_+_37555083.23-P1P2|FAM83D_+_37555122.23-P1P2++FAM83D_+_37555083.23-P1P2|FAM83D_+_37555122.23-P1P2,1
FAT4_+_126237766.23-ENST00000394329.3|FAT4_+_126237960.23-ENST00000394329.3++FAT4_+_126237766.23-ENST00000394329.3|FAT4_+_126237960.23-ENST00000394329.3,1
FAXDC2_+_154230113.23-P1|FAXDC2_+_154230104.23-P1++FAXDC2_+_154230113.23-P1|FAXDC2_+_154230104.23-P1,1
FBXL19_-_30934967.23-P1P2|FBXL19_+_30934952.23-P1P2++FBXL19_-_30934967.23-P1P2|FBXL19_+_30934952.23-P1P2,3
FBXO48_+_68694108.23-P1P2|FBXO48_+_68694419.23-P1P2++FBXO48_+_68694108.23-P1P2|FBXO48_+_68694419.23-P1P2,7
FDX1_+_110300809.23-P1P2|FDX1_+_110300796.23-P1P2++FDX1_+_110300809.23-P1P2|FDX1_+_110300796.23-P1P2,1
FEM1B_+_68570139.23-P1P2|FEM1B_+_68570122.23-P1P2++FEM1B_+_68570139.23-P1P2|FEM1B_+_68570122.23-P1P2,2
FER1L6_+_124968431.23-ENST00000399018.1|FER1L6_-_124968415.23-ENST00000399018.1++FER1L6_+_124968431.23-ENST00000399018.1|FER1L6_-_124968415.23-ENST00000399018.1,1
FIGLA_-_71017776.23-P1P2|FIGLA_+_71017783.23-P1P2++FIGLA_-_71017776.23-P1P2|FIGLA_+_71017783.23-P1P2,1
FLT4_-_180076578.23-P1P2|FLT4_+_180076536.23-P1P2++FLT4_-_180076578.23-P1P2|FLT4_+_180076536.23-P1P2,1
FNDC8_-_33448724.23-P1P2|FNDC8_-_33448857.23-P1P2++FNDC8_-_33448724.23-P1P2|FNDC8_-_33448857.23-P1P2,1
FOXD3_-_63789543.23-P2|FOXD3_+_63789547.23-P2++FOXD3_-_63789543.23-P2|FOXD3_+_63789547.23-P2,7
FRMD8_+_65154312.23-P1P2|FRMD8_-_65154137.23-P1P2++FRMD8_+_65154312.23-P1P2|FRMD8_-_65154137.23-P1P2,5
FRYL_+_48782089.23-P1P2|FRYL_-_48782290.23-P1P2++FRYL_+_48782089.23-P1P2|FRYL_-_48782290.23-P1P2,1
FUK_-_70488551.23-P1P2|FUK_-_70488529.23-P1P2++FUK_-_70488551.23-P1P2|FUK_-_70488529.23-P1P2,2
FUOM_-_135171476.23-P1P2|FUOM_+_135171494.23-P1P2++FUOM_-_135171476.23-P1P2|FUOM_+_135171494.23-P1P2,2
FZD2_-_42634875.23-P1P2|FZD2_+_42634904.23-P1P2++FZD2_-_42634875.23-P1P2|FZD2_+_42634904.23-P1P2,9
GALNT7_-_174089991.23-P1P2|GALNT7_+_174089973.23-P1P2++GALNT7_-_174089991.23-P1P2|GALNT7_+_174089973.23-P1P2,2
GALNTL6_+_172734621.23-P1P2|GALNTL6_+_172734573.23-P1P2++GALNTL6_+_172734621.23-P1P2|GALNTL6_+_172734573.23-P1P2,4
GALNTL6_+_172734621.23-P1P2|GALNTL6_+_172734573.23-P1P2++MRAP2_+_84743468.23-P1P2|MRAP2_+_84743473.23-P1P2,1
GATA4_+_11561738.23-P1P2|GATA4_+_11561776.23-P1P2++GATA4_+_11561738.23-P1P2|GATA4_+_11561776.23-P1P2,16
GDNF_+_37839981.23-P1P2|GDNF_+_37839996.23-P1P2++GDNF_+_37839981.23-P1P2|GDNF_+_37839996.23-P1P2,1
GDPD3_+_30124808.23-P1P2|GDPD3_+_30124839.23-P1P2++GDPD3_+_30124808.23-P1P2|GDPD3_+_30124839.23-P1P2,5
GLTPD1_-_1260226.23-P1P2|GLTPD1_-_1260423.23-P1P2++GLTPD1_-_1260226.23-P1P2|GLTPD1_-_1260423.23-P1P2,1
GML_-_143916278.23-P2|GML_-_143916248.23-P2++GML_-_143916278.23-P2|GML_-_143916248.23-P2,2
GNAI2_+_50273650.23-P1P2|GNAI2_+_50273655.23-P1P2++GNAI2_+_50273650.23-P1P2|GNAI2_+_50273655.23-P1P2,2
GNAT1_+_50230332.23-P2|GNAT1_-_50230342.23-P2++GNAT1_+_50230332.23-P2|GNAT1_-_50230342.23-P2,1
GNE_-_36258191.23-P1P2|GNE_+_36257940.23-P1P2++GNE_-_36258191.23-P1P2|GNE_+_36257940.23-P1P2,1
GOLM1_+_88714403.23-P1P2|GOLM1_+_88714448.23-P1P2++GOLM1_+_88714403.23-P1P2|GOLM1_+_88714448.23-P1P2,4
GOT2_-_58768198.23-P1P2|GOT2_-_58768144.23-P1P2++GOT2_-_58768198.23-P1P2|GOT2_-_58768144.23-P1P2,1
GPN1_-_27852137.23-P1P2|GPN1_-_27852111.23-P1P2++CTPS1_-_41445838.23-P1P2|CTPS1_+_41445384.23-P1P2,1
GPR137B_+_236305917.23-P1P2|GPR137B_-_236305900.23-P1P2++GPR137B_+_236305917.23-P1P2|GPR137B_-_236305900.23-P1P2,2
GPR148_-_131486671.23-ENST00000309926.4|GPR148_+_131486973.23-ENST00000309926.4++GPR148_-_131486671.23-ENST00000309926.4|GPR148_+_131486973.23-ENST00000309926.4,1
GRIA2_+_158141968.23-P1P2|GRIA2_+_158141963.23-P1P2++GRIA2_+_158141968.23-P1P2|GRIA2_+_158141963.23-P1P2,5
GRPR_+_16141678.23-P1P2|GRPR_-_16141751.23-P1P2++GRPR_+_16141678.23-P1P2|GRPR_-_16141751.23-P1P2,1
GRP_+_56887422.23-P1P2|GRP_-_56887430.23-P1P2++GRP_+_56887422.23-P1P2|GRP_-_56887430.23-P1P2,1
GSKIP_-_96829954.23-P1P2|GSKIP_+_96829847.23-P1P2++GSKIP_-_96829954.23-P1P2|GSKIP_+_96829847.23-P1P2,5
GSTA4_-_52858967.23-P2|GSTA4_-_52859013.23-P2++GSTA4_-_52858967.23-P2|GSTA4_-_52859013.23-P2,3
GUCA1A_+_42123169.23-P1|GUCA1A_+_42123385.23-P1++GUCA1A_+_42123169.23-P1|GUCA1A_+_42123385.23-P1,7
GUCA1A_+_42141199.23-P2|GUCA1A_-_42141151.23-P2++GUCA1A_+_42141199.23-P2|GUCA1A_-_42141151.23-P2,2
HACE1_+_105307709.23-P1P2|HACE1_+_105307706.23-P1P2++HACE1_+_105307709.23-P1P2|HACE1_+_105307706.23-P1P2,1
HAUS7_-_152760909.23-P2|HAUS7_+_152760894.23-P2++HAUS7_-_152760909.23-P2|HAUS7_+_152760894.23-P2,3
HDHD3_-_116139261.23-P1P2|HDHD3_+_116139200.23-P1P2++HDHD3_-_116139261.23-P1P2|HDHD3_+_116139200.23-P1P2,1
HFE2_-_145413350.23-P1P2|HFE2_+_145413294.23-P1P2++HFE2_-_145413350.23-P1P2|HFE2_+_145413294.23-P1P2,2
HIST3H2BB_+_228645838.23-P1P2|HIST3H2BB_+_228645843.23-P1P2++HIST3H2BB_+_228645838.23-P1P2|HIST3H2BB_+_228645843.23-P1P2,4
HOXA13_-_27239672.23-P1P2|HOXA13_-_27239656.23-P1P2++HOXA13_-_27239672.23-P1P2|HOXA13_-_27239656.23-P1P2,8
HOXA7_+_27196242.23-P1P2|HOXA7_+_27196262.23-P1P2++HOXA7_+_27196242.23-P1P2|HOXA7_+_27196262.23-P1P2,7
HSPA9_-_137911079.23-P1P2|HSPA9_-_137911031.23-P1P2++HSPA9_-_137911079.23-P1P2|HSPA9_-_137911031.23-P1P2,4
IBSP_+_88720748.23-P1P2|IBSP_+_88720769.23-P1P2++IBSP_+_88720748.23-P1P2|IBSP_+_88720769.23-P1P2,2
IDO2_-_39792211.23-P1P2|IDO2_+_39792253.23-P1P2++IDO2_-_39792211.23-P1P2|IDO2_+_39792253.23-P1P2,2
IFIH1_-_163175149.23-P1P2|IFIH1_-_163175124.23-P1P2++IFIH1_-_163175149.23-P1P2|IFIH1_-_163175124.23-P1P2,1
IFNL3_-_39735602.23-ENST00000413851.2|IFNL3_-_39735392.23-ENST00000413851.2++IFNL3_-_39735602.23-ENST00000413851.2|IFNL3_-_39735392.23-ENST00000413851.2,3
IFT43_+_76452178.23-P1P2|IFT43_-_76452135.23-P1P2++IFT43_+_76452178.23-P1P2|IFT43_-_76452135.23-P1P2,2
IFT81_-_110562214.23-P1P2|IFT81_-_110562183.23-P1P2++IFT81_-_110562214.23-P1P2|IFT81_-_110562183.23-P1P2,1
IFT88_-_21141318.23-P1P2|IFT88_+_21141505.23-P1P2++IFT88_-_21141318.23-P1P2|IFT88_+_21141505.23-P1P2,11
IL12RB1_+_18197656.23-P1P2|IL12RB1_-_18197664.23-P1P2++IL12RB1_+_18197656.23-P1P2|IL12RB1_-_18197664.23-P1P2,9
IL36A_-_113763086.23-P1P2|IL36A_-_113763224.23-P1P2++IL36A_-_113763086.23-P1P2|IL36A_-_113763224.23-P1P2,4
INHBB_-_121103772.23-P1P2|INHBB_+_121103776.23-P1P2++INHBB_-_121103772.23-P1P2|INHBB_+_121103776.23-P1P2,2
INPP1_-_191208427.23-P1P2|INPP1_+_191208580.23-P1P2++INPP1_-_191208427.23-P1P2|INPP1_+_191208580.23-P1P2,5
INSL3_-_17932268.23-P1P2|INSL3_-_17932273.23-P1P2++INSL3_-_17932268.23-P1P2|INSL3_-_17932273.23-P1P2,7
IRF2_+_185395656.23-P1P2|IRF2_-_185395636.23-P1P2++IRF2_+_185395656.23-P1P2|IRF2_-_185395636.23-P1P2,3
IRS1_-_227664302.23-P1P2|IRS1_-_227664430.23-P1P2++IRS1_-_227664302.23-P1P2|IRS1_-_227664430.23-P1P2,5
ISG15_-_948888.23-P1P2|ISG15_+_948906.23-P1P2++ISG15_-_948888.23-P1P2|ISG15_+_948906.23-P1P2,2
ITGB6_-_161056776.23-P1P2|ITGB6_+_161056568.23-P1P2++ITGB6_-_161056776.23-P1P2|ITGB6_+_161056568.23-P1P2,3
ITGBL1_+_102105084.23-P1P2|ITGBL1_-_102105075.23-P1P2++NFXL1_-_47916548.23-P1P2|NFXL1_-_47916598.23-P1P2,1
ITIH5_-_7708892.23-P1P2|ITIH5_-_7708883.23-P1P2++ITIH5_-_7708892.23-P1P2|ITIH5_-_7708883.23-P1P2,5
ITPRIPL1_-_96991116.23-P1P2|ITPRIPL1_+_96991085.23-P1P2++ITPRIPL1_-_96991116.23-P1P2|ITPRIPL1_+_96991085.23-P1P2,3
KAZN_-_14925406.23-ENST00000376030.2|KAZN_-_14925617.23-ENST00000376030.2++KAZN_-_14925406.23-ENST00000376030.2|KAZN_-_14925617.23-ENST00000376030.2,4
KCNC1_-_17758159.23-P2|KCNC1_+_17757725.23-P2++KCNC1_-_17758159.23-P2|KCNC1_+_17757725.23-P2,2
KCNG1_+_49639619.23-P1P2|KCNG1_+_49639583.23-P1P2++KCNG1_+_49639619.23-P1P2|KCNG1_+_49639583.23-P1P2,6
KCNIP3_-_96012316.23-ENST00000468529.1|KCNIP3_+_96012664.23-ENST00000468529.1++KCNIP3_-_96012316.23-ENST00000468529.1|KCNIP3_+_96012664.23-ENST00000468529.1,5
KCNJ10_-_160039954.23-P1P2|KCNJ10_-_160039877.23-P1P2++KCNJ10_-_160039954.23-P1P2|KCNJ10_-_160039877.23-P1P2,4
KDM3A_+_86668536.23-P1P2|KDM3A_-_86668532.23-P1P2++KDM3A_+_86668536.23-P1P2|KDM3A_-_86668532.23-P1P2,1
KIF1A_-_241759571.23-P1P2|KIF1A_-_241759231.23-P1P2++KIF1A_-_241759571.23-P1P2|KIF1A_-_241759231.23-P1P2,1
KIFAP3_-_170043640.23-P1P2|KIFAP3_-_170043552.23-P1P2++KIFAP3_-_170043640.23-P1P2|KIFAP3_-_170043552.23-P1P2,4
KLF10_-_103668072.23-P1|KLF10_-_103668064.23-P1++KLF10_-_103668072.23-P1|KLF10_-_103668064.23-P1,3
KLF4_-_110251851.23-P1|KLF4_+_110252012.23-P1++KLF4_-_110251851.23-P1|KLF4_+_110252012.23-P1,1
KLK7_+_51487095.23-P1P2|KLK7_+_51487083.23-P1P2++KLK7_+_51487095.23-P1P2|KLK7_+_51487083.23-P1P2,7
KMT2A_+_118307196.23-P1P2|KMT2A_-_118307279.23-P1P2++KMT2A_+_118307196.23-P1P2|KMT2A_-_118307279.23-P1P2,1
KRTAP16-1_-_39465512.23-P1P2|KRTAP16-1_+_39465497.23-P1P2++KRTAP16-1_-_39465512.23-P1P2|KRTAP16-1_+_39465497.23-P1P2,3
KRTAP23-1_-_31720883.23-ENST00000334160.4|KRTAP23-1_-_31720892.23-ENST00000334160.4++KRTAP23-1_-_31720883.23-ENST00000334160.4|KRTAP23-1_-_31720892.23-ENST00000334160.4,2
KRTAP6-3_-_31964816.23-ENST00000391624.1|KRTAP6-3_+_31965026.23-ENST00000391624.1++KRTAP6-3_-_31964816.23-ENST00000391624.1|KRTAP6-3_+_31965026.23-ENST00000391624.1,1
LARP4_-_50795019.23-P1P2|LARP4_-_50795077.23-P1P2++LARP4_-_50795019.23-P1P2|LARP4_-_50795077.23-P1P2,2
LAX1_+_203734736.23-P1P2|LAX1_-_203734741.23-P1P2++LAX1_+_203734736.23-P1P2|LAX1_-_203734741.23-P1P2,3
LDB2_-_16900296.23-P1P2|LDB2_-_16900275.23-P1P2++NUDT8_-_67397375.23-P1P2|NUDT8_+_67397360.23-P1P2,2
LDLRAD3_-_35965637.23-P1P2|LDLRAD3_-_35965631.23-P1P2++LDLRAD3_-_35965637.23-P1P2|LDLRAD3_-_35965631.23-P1P2,4
LENEP_+_154966114.23-P1P2|LENEP_+_154966078.23-P1P2++LENEP_+_154966114.23-P1P2|LENEP_+_154966078.23-P1P2,3
LEP_-_127881370.23-P1P2|LEP_-_127881364.23-P1P2++LEP_-_127881370.23-P1P2|LEP_-_127881364.23-P1P2,4
LMF1_-_1031480.23-P1|LMF1_-_1031550.23-P1++LMF1_-_1031480.23-P1|LMF1_-_1031550.23-P1,1
LMNB1_+_126112906.23-P1P2|LMNB1_+_126113141.23-P1P2++LMNB1_+_126112906.23-P1P2|LMNB1_+_126113141.23-P1P2,9
LMOD1_-_201915753.23-P1P2|LMOD1_-_201915759.23-P1P2++LMOD1_-_201915753.23-P1P2|LMOD1_-_201915759.23-P1P2,4
LPCAT1_-_1524041.23-P1|LPCAT1_-_1524064.23-P1++LPCAT1_-_1524041.23-P1|LPCAT1_-_1524064.23-P1,6
LRRC28_+_99791687.23-P1P2|LRRC28_+_99791707.23-P1P2++LRRC28_+_99791687.23-P1P2|LRRC28_+_99791707.23-P1P2,1
LRRC36_-_67360796.23-P1|LRRC36_-_67360741.23-P1++LRRC36_-_67360796.23-P1|LRRC36_-_67360741.23-P1,2
LRRC45_-_79981210.23-P1P2|LRRC45_+_79981162.23-P1P2++LRRC45_-_79981210.23-P1P2|LRRC45_+_79981162.23-P1P2,2
LRRC61_-_150020411.23-P1P2|LRRC61_-_150020520.23-P1P2++LRRC61_-_150020411.23-P1P2|LRRC61_-_150020520.23-P1P2,3
LRRC8D_-_90309051.23-P2|LRRC8D_-_90309025.23-P2++LRRC8D_-_90309051.23-P2|LRRC8D_-_90309025.23-P2,2
LRRIQ1_-_85430185.23-P1P2|LRRIQ1_-_85430208.23-P1P2++LRRIQ1_-_85430185.23-P1P2|LRRIQ1_-_85430208.23-P1P2,7
LSM12_-_42143977.23-P1P2|LSM12_+_42143951.23-P1P2++LSM12_-_42143977.23-P1P2|LSM12_+_42143951.23-P1P2,1
LSM7_+_2328561.23-P1P2|LSM7_+_2328574.23-P1P2++LSM7_+_2328561.23-P1P2|LSM7_+_2328574.23-P1P2,1
LTBP4_-_41107300.23-P1|LTBP4_-_41107296.23-P1++LTBP4_-_41107300.23-P1|LTBP4_-_41107296.23-P1,3
LYPLA1_-_55014267.23-P1P2|LYPLA1_+_55014577.23-P1P2++LYPLA1_-_55014267.23-P1P2|LYPLA1_+_55014577.23-P1P2,2
MAGEA11_+_148793717.23-P1|MAGEA11_+_148793714.23-P1++MAGEA11_+_148793717.23-P1|MAGEA11_+_148793714.23-P1,2
MALT1_+_56338729.23-P1P2|MALT1_+_56338732.23-P1P2++MALT1_+_56338729.23-P1P2|MALT1_+_56338732.23-P1P2,1
MAMDC4_+_139746833.23-P1P2|MAMDC4_+_139746861.23-P1P2++MAMDC4_+_139746833.23-P1P2|MAMDC4_+_139746861.23-P1P2,4
MAP7D1_-_36622097.23-P1P2|MAP7D1_-_36622086.23-P1P2++IDH3A_+_78423872.23-P2|IDH3A_-_78423902.23-P2,1
MAP7D1_-_36622097.23-P1P2|MAP7D1_-_36622086.23-P1P2++MAP7D1_-_36622097.23-P1P2|MAP7D1_-_36622086.23-P1P2,2
MAPK14_+_35995582.23-P1P2|MAPK14_-_35995742.23-P1P2++MAPK14_+_35995582.23-P1P2|MAPK14_-_35995742.23-P1P2,1
MAPKAPK3_+_50654665.23-P1P2|MAPKAPK3_-_50654605.23-P1P2++MAPKAPK3_+_50654665.23-P1P2|MAPKAPK3_-_50654605.23-P1P2,2
MARCH11_+_16179658.23-P1P2|MARCH11_-_16179904.23-P1P2++MARCH11_+_16179658.23-P1P2|MARCH11_-_16179904.23-P1P2,7
MARVELD1_+_99473583.23-P1P2|MARVELD1_+_99473580.23-P1P2++MARVELD1_+_99473583.23-P1P2|MARVELD1_+_99473580.23-P1P2,8
MBNL2_-_97874785.23-P1P2|MBNL2_+_97874623.23-P1P2++MBNL2_-_97874785.23-P1P2|MBNL2_+_97874623.23-P1P2,3
MBOAT2_-_9143815.23-P1P2|MBOAT2_-_9143810.23-P1P2++MBOAT2_-_9143815.23-P1P2|MBOAT2_-_9143810.23-P1P2,1
MCM3_-_52149354.23-P1P2|MCM3_-_52149307.23-P1P2++MCM3_-_52149354.23-P1P2|MCM3_-_52149307.23-P1P2,1
MED11_-_4635030.23-P1P2|MED11_-_4634925.23-P1P2++MED11_-_4635030.23-P1P2|MED11_-_4634925.23-P1P2,6
MED16_+_893155.23-P1P2|MED16_+_893165.23-P1P2++MED16_+_893155.23-P1P2|MED16_+_893165.23-P1P2,1
MED19_+_57479662.23-P1P2|MED19_+_57479647.23-P1P2++MED19_+_57479662.23-P1P2|MED19_+_57479647.23-P1P2,4
METTL14_-_119606733.23-P1P2|METTL14_+_119606842.23-P1P2++METTL14_-_119606733.23-P1P2|METTL14_+_119606842.23-P1P2,3
METTL2B_+_128116954.23-P2|METTL2B_-_128116964.23-P2++METTL2B_+_128116954.23-P2|METTL2B_-_128116964.23-P2,5
MFSD7_-_682921.23-P1P2|MFSD7_+_682928.23-P1P2++MFSD7_-_682921.23-P1P2|MFSD7_+_682928.23-P1P2,2
MGAT4A_+_99347510.23-P1P2|MGAT4A_+_99347542.23-P1P2++MGAT4A_+_99347510.23-P1P2|MGAT4A_+_99347542.23-P1P2,1
MGA_+_41952877.23-P1P2|MGA_+_41952673.23-P1P2++MGA_+_41952877.23-P1P2|MGA_+_41952673.23-P1P2,3
MGST2_+_140587008.23-P1P2|MGST2_-_140587238.23-P1P2++MGST2_+_140587008.23-P1P2|MGST2_-_140587238.23-P1P2,6
MIB2_+_1551367.23-P1P2|MIB2_-_1551310.23-P1P2++MIB2_+_1551367.23-P1P2|MIB2_-_1551310.23-P1P2,8
MITF_+_69788648.23-P1|MITF_-_69788653.23-P1++MITF_+_69788648.23-P1|MITF_-_69788653.23-P1,2
MLEC_-_121124969.23-P1|MLEC_-_121124994.23-P1++MLEC_-_121124969.23-P1|MLEC_-_121124994.23-P1,2
MME_-_154797687.23-P1P2|MME_+_154797717.23-P1P2++MME_-_154797687.23-P1P2|MME_+_154797717.23-P1P2,2
MMP21_-_127464320.23-ENST00000368808.3|MMP21_-_127464329.23-ENST00000368808.3++MMP21_-_127464320.23-ENST00000368808.3|MMP21_-_127464329.23-ENST00000368808.3,4
MON2_-_62860785.23-P1P2|MON2_-_62860994.23-P1P2++MON2_-_62860785.23-P1P2|MON2_-_62860994.23-P1P2,1
MRC2_+_60705091.23-P1P2|MRC2_-_60705073.23-P1P2++MRC2_+_60705091.23-P1P2|MRC2_-_60705073.23-P1P2,2
MRPS14_-_174992444.23-P1P2|MRPS14_+_174992540.23-P1P2++MRPS14_-_174992444.23-P1P2|MRPS14_+_174992540.23-P1P2,5
MS4A10_-_60552849.23-P1P2|MS4A10_-_60552926.23-P1P2++MS4A10_-_60552849.23-P1P2|MS4A10_-_60552926.23-P1P2,7
MSL3_-_11776398.23-P1P2|MSL3_+_11776346.23-P1P2++MSL3_-_11776398.23-P1P2|MSL3_+_11776346.23-P1P2,4
MTG2_+_60758110.23-P1P2|MTG2_+_60758146.23-P1P2++MTG2_+_60758110.23-P1P2|MTG2_+_60758146.23-P1P2,7
MTHFD2_-_74425764.23-P1|MTHFD2_-_74425771.23-P1++MTHFD2_-_74425764.23-P1|MTHFD2_-_74425771.23-P1,5
MTMR4_-_56591993.23-P2|MTMR4_-_56591997.23-P2++MTMR4_-_56591993.23-P2|MTMR4_-_56591997.23-P2,5
MTRNR2L3_-_55934490.23-P1P2|MTRNR2L3_-_55934542.23-P1P2++MTRNR2L3_-_55934490.23-P1P2|MTRNR2L3_-_55934542.23-P1P2,2
MTUS2_+_30002974.23-P1P2|MTUS2_+_30002723.23-P1P2++MTUS2_+_30002974.23-P1P2|MTUS2_+_30002723.23-P1P2,2
MUC7_+_71346766.23-P2|MUC7_+_71346857.23-P2++MUC7_+_71346766.23-P2|MUC7_+_71346857.23-P2,2
MVK_-_110011650.23-P1P2|MVK_-_110011647.23-P1P2++MVK_-_110011650.23-P1P2|MVK_-_110011647.23-P1P2,2
MXRA5_+_3264630.23-P1P2|MXRA5_-_3264646.23-P1P2++MXRA5_+_3264630.23-P1P2|MXRA5_-_3264646.23-P1P2,1
MYBL1_-_67525475.23-P1P2|MYBL1_+_67525490.23-P1P2++MYBL1_-_67525475.23-P1P2|MYBL1_+_67525490.23-P1P2,2
MYH3_-_10560590.23-P1|MYH3_+_10560593.23-P1++MYH3_-_10560590.23-P1|MYH3_+_10560593.23-P1,4
MYH3_-_10560590.23-P1|MYH3_+_10560593.23-P1++non-targeting_02034|non-targeting_02136,1
MYL7_-_44180482.23-P1P2|MYL7_-_44180551.23-P1P2++MYL7_-_44180482.23-P1P2|MYL7_-_44180551.23-P1P2,3
NAA35_-_88556178.23-P1P2|NAA35_+_88556248.23-P1P2++NAA35_-_88556178.23-P1P2|NAA35_+_88556248.23-P1P2,1
NANS_-_100819035.23-P1P2|NANS_-_100819032.23-P1P2++NANS_-_100819035.23-P1P2|NANS_-_100819032.23-P1P2,2
NAPG_-_10526057.23-P1P2|NAPG_+_10526066.23-P1P2++NAPG_-_10526057.23-P1P2|NAPG_+_10526066.23-P1P2,2
NAT2_+_18248831.23-P1P2|NAT2_-_18248819.23-P1P2++NAT2_+_18248831.23-P1P2|NAT2_-_18248819.23-P1P2,1
NBPF1_+_16940071.23-P1P2|NBPF1_-_16940088.23-P1P2++NBPF1_+_16940071.23-P1P2|NBPF1_-_16940088.23-P1P2,2
NCCRP1_-_39687628.23-P1P2|NCCRP1_-_39687621.23-P1P2++NCCRP1_-_39687628.23-P1P2|NCCRP1_-_39687621.23-P1P2,6
NCDN_+_36023494.23-P1P2|NCDN_-_36023412.23-P1P2++CRIP1_-_105953716.23-P1P2|CRIP1_+_105953591.23-P1P2,8
NCOA6_-_33413421.23-P1P2|NCOA6_+_33413238.23-P1P2++NCOA6_-_33413421.23-P1P2|NCOA6_+_33413238.23-P1P2,1
NDST4_+_116034959.23-P1P2|NDST4_-_116034914.23-P1P2++NDST4_+_116034959.23-P1P2|NDST4_-_116034914.23-P1P2,1
NEFM_+_24774682.23-P2|NEFM_-_24774802.23-P2++NEFM_+_24774682.23-P2|NEFM_-_24774802.23-P2,1
NFKBIE_-_44233230.23-P1P2|NFKBIE_+_44233200.23-P1P2++NFKBIE_-_44233230.23-P1P2|NFKBIE_+_44233200.23-P1P2,2
NIP7_-_69373724.23-P1P2|NIP7_-_69373710.23-P1P2++NIP7_-_69373724.23-P1P2|NIP7_-_69373710.23-P1P2,2
NKX2-1_+_36989438.23-P1P2|NKX2-1_+_36989394.23-P1P2++NKX2-1_+_36989438.23-P1P2|NKX2-1_+_36989394.23-P1P2,5
NLE1_+_33469287.23-P1P2|NLE1_-_33469053.23-P1P2++NLE1_+_33469287.23-P1P2|NLE1_-_33469053.23-P1P2,5
NLRP3_+_247579507.23-P1P2|NLRP3_-_247579522.23-P1P2++NLRP3_+_247579507.23-P1P2|NLRP3_-_247579522.23-P1P2,2
NME1_+_49233051.23-P2|NME1_+_49233013.23-P2++NME1_+_49233051.23-P2|NME1_+_49233013.23-P2,4
NMUR1_-_232395145.23-P1P2|NMUR1_-_232395130.23-P1P2++NMUR1_-_232395145.23-P1P2|NMUR1_-_232395130.23-P1P2,7
NMUR1_-_232395145.23-P1P2|NMUR1_-_232395130.23-P1P2++ZBTB42_+_105266888.23-P1P2|ZBTB42_+_105266954.23-P1P2,1
NOD1_-_30518293.23-P1P2|NOD1_-_30518286.23-P1P2++NOD1_-_30518293.23-P1P2|NOD1_-_30518286.23-P1P2,1
NPTXR_-_39239554.23-P1P2|NPTXR_-_39239607.23-P1P2++NPTXR_-_39239554.23-P1P2|NPTXR_-_39239607.23-P1P2,6
NR2E3_-_72103751.23-P1P2|NR2E3_-_72102945.23-P1P2++NR2E3_-_72103751.23-P1P2|NR2E3_-_72102945.23-P1P2,2
NRCAM_+_108096740.23-P1P2|NRCAM_+_108096810.23-P1P2++NRCAM_+_108096740.23-P1P2|NRCAM_+_108096810.23-P1P2,2
NRM_-_30658767.23-P1P2|NRM_-_30658719.23-P1P2++NRM_-_30658767.23-P1P2|NRM_-_30658719.23-P1P2,5
NT5C3A_+_33080482.23-P2|NT5C3A_+_33080527.23-P2++NT5C3A_+_33080482.23-P2|NT5C3A_+_33080527.23-P2,3
NTN5_+_49175799.23-ENST00000270235.4|NTN5_-_49176270.23-ENST00000270235.4++NTN5_+_49175799.23-ENST00000270235.4|NTN5_-_49176270.23-ENST00000270235.4,1
NTRK3_+_88799928.23-P1P2|NTRK3_+_88799925.23-P1P2++NTRK3_+_88799928.23-P1P2|NTRK3_+_88799925.23-P1P2,2
NVL_+_224517846.23-P1P2|NVL_+_224517861.23-P1P2++NVL_+_224517846.23-P1P2|NVL_+_224517861.23-P1P2,1
ODF3L2_-_474921.23-P1P2|ODF3L2_-_474957.23-P1P2++ODF3L2_-_474921.23-P1P2|ODF3L2_-_474957.23-P1P2,1
OMD_-_95186606.23-P1P2|OMD_+_95186597.23-P1P2++OMD_-_95186606.23-P1P2|OMD_+_95186597.23-P1P2,1
ONECUT3_+_1753573.23-P1P2|ONECUT3_-_1753604.23-P1P2++ONECUT3_+_1753573.23-P1P2|ONECUT3_-_1753604.23-P1P2,1
OR13G1_-_247836363.23-ENST00000359688.2|OR13G1_+_247836278.23-ENST00000359688.2++OR13G1_-_247836363.23-ENST00000359688.2|OR13G1_+_247836278.23-ENST00000359688.2,4
OR1F1_+_3254221.23-ENST00000304646.2|OR1F1_+_3254260.23-ENST00000304646.2++OR1F1_+_3254221.23-ENST00000304646.2|OR1F1_+_3254260.23-ENST00000304646.2,1
OR2J3_+_29080086.23-ENST00000377169.1|OR2J3_+_29080101.23-ENST00000377169.1++OR2J3_+_29080086.23-ENST00000377169.1|OR2J3_+_29080101.23-ENST00000377169.1,6
OR4C6_-_55425784.23-P1P2|OR4C6_-_55425737.23-P1P2++OR4C6_-_55425784.23-P1P2|OR4C6_-_55425737.23-P1P2,10
OR52J3_+_5067829.23-ENST00000380370.1|OR52J3_+_5067799.23-ENST00000380370.1++OR52J3_+_5067829.23-ENST00000380370.1|OR52J3_+_5067799.23-ENST00000380370.1,1
OR5AC2_+_97806082.23-ENST00000358642.2|OR5AC2_+_97806245.23-ENST00000358642.2++OR5AC2_+_97806082.23-ENST00000358642.2|OR5AC2_+_97806245.23-ENST00000358642.2,4
OR5AU1_-_21624153.23-ENST00000304418.3|OR5AU1_-_21624010.23-ENST00000304418.3++OR5AU1_-_21624153.23-ENST00000304418.3|OR5AU1_-_21624010.23-ENST00000304418.3,2
OR6C75_+_55758988.23-ENST00000343399.3|OR6C75_+_55759312.23-ENST00000343399.3++OR6C75_+_55758988.23-ENST00000343399.3|OR6C75_+_55759312.23-ENST00000343399.3,4
OR6P1_+_158533377.23-ENST00000334632.1|OR6P1_+_158533347.23-ENST00000334632.1++HTR3D_+_183750710.23-ENST00000382489.3|HTR3D_+_183750859.23-ENST00000382489.3,1
OR8D4_+_123777548.23-ENST00000321355.2|OR8D4_+_123777487.23-ENST00000321355.2++OR8D4_+_123777548.23-ENST00000321355.2|OR8D4_+_123777487.23-ENST00000321355.2,2
P2RY1_-_152552965.23-P1P2|P2RY1_-_152552936.23-P1P2++P2RY1_-_152552965.23-P1P2|P2RY1_-_152552936.23-P1P2,8
PACS1_-_65837780.23-P1P2|PACS1_-_65837777.23-P1P2++PACS1_-_65837780.23-P1P2|PACS1_-_65837777.23-P1P2,3
PAK7_+_9819484.23-P1P2|PAK7_+_9819404.23-P1P2++PAK7_+_9819484.23-P1P2|PAK7_+_9819404.23-P1P2,1
PAQR8_+_52226955.23-P1P2|PAQR8_+_52226940.23-P1P2++PAQR8_+_52226955.23-P1P2|PAQR8_+_52226940.23-P1P2,4
PARD3B_+_205410259.23-P1P2|PARD3B_+_205410304.23-P1P2++PARD3B_+_205410259.23-P1P2|PARD3B_+_205410304.23-P1P2,3
PARN_+_14724082.23-P1P2|PARN_+_14724027.23-P1P2++PARN_+_14724082.23-P1P2|PARN_+_14724027.23-P1P2,4
PATL1_-_59436302.23-P1P2|PATL1_-_59436462.23-P1P2++PATL1_-_59436302.23-P1P2|PATL1_-_59436462.23-P1P2,1
PCDHB15_-_140625019.23-P1P2|PCDHB15_-_140625181.23-P1P2++PCDHB15_-_140625019.23-P1P2|PCDHB15_-_140625181.23-P1P2,1
PCDHGA9_-_140782368.23-P1P2|PCDHGA9_-_140782393.23-P1P2++AIP_+_67250544.23-P1P2|AIP_-_67250576.23-P1P2,6
PCOLCE_+_100200040.23-P1P2|PCOLCE_+_100200068.23-P1P2++PCOLCE_+_100200040.23-P1P2|PCOLCE_+_100200068.23-P1P2,1
PDE3B_-_14665379.23-P1P2|PDE3B_-_14665370.23-P1P2++PDE3B_-_14665379.23-P1P2|PDE3B_-_14665370.23-P1P2,9
PDE9A_-_44073738.23-P1P2|PDE9A_-_44073735.23-P1P2++PDE9A_-_44073738.23-P1P2|PDE9A_-_44073735.23-P1P2,1
PEAR1_-_156863533.23-P1P2|PEAR1_+_156863543.23-P1P2++PEAR1_-_156863533.23-P1P2|PEAR1_+_156863543.23-P1P2,5
PERP_+_138428287.23-P1P2|PERP_-_138428298.23-P1P2++PERP_+_138428287.23-P1P2|PERP_-_138428298.23-P1P2,2
PGR_-_100999652.23-P1P2|PGR_+_101000519.23-P1P2++PGR_-_100999652.23-P1P2|PGR_+_101000519.23-P1P2,4
PHEX_+_22050425.23-P1P2|PHEX_-_22050434.23-P1P2++PHEX_+_22050425.23-P1P2|PHEX_-_22050434.23-P1P2,2
PHF21B_-_45404696.23-P2|PHF21B_+_45404765.23-P2++PHF21B_-_45404696.23-P2|PHF21B_+_45404765.23-P2,1
PHLDA2_-_2950633.23-P1P2|PHLDA2_-_2950586.23-P1P2++PHLDA2_-_2950633.23-P1P2|PHLDA2_-_2950586.23-P1P2,7
PHLDB1_-_118492109.23-P2|PHLDB1_-_118492224.23-P2++PHLDB1_-_118492109.23-P2|PHLDB1_-_118492224.23-P2,4
PHOX2B_+_41750413.23-P1P2|PHOX2B_-_41750353.23-P1P2++PHOX2B_+_41750413.23-P1P2|PHOX2B_-_41750353.23-P1P2,2
PIGA_+_15353621.23-P1P2|PIGA_-_15353636.23-P1P2++PIGA_+_15353621.23-P1P2|PIGA_-_15353636.23-P1P2,1
PIP4K2A_+_23003464.23-P1P2|PIP4K2A_+_23003278.23-P1P2++PIP4K2A_+_23003464.23-P1P2|PIP4K2A_+_23003278.23-P1P2,5
PIWIL1_-_130822696.23-P1P2|PIWIL1_-_130822678.23-P1P2++PIWIL1_-_130822696.23-P1P2|PIWIL1_-_130822678.23-P1P2,4
PKDREJ_-_46659198.23-P1P2|PKDREJ_-_46659206.23-P1P2++PKDREJ_-_46659198.23-P1P2|PKDREJ_-_46659206.23-P1P2,4
PKIB_-_122931583.23-P1|PKIB_-_122931580.23-P1++PKIB_-_122931583.23-P1|PKIB_-_122931580.23-P1,7
PLEKHG5_+_6557467.23-P1|PLEKHG5_-_6557486.23-P1++PLEKHG5_+_6557467.23-P1|PLEKHG5_-_6557486.23-P1,2
PLEKHG5_-_6545291.23-P2|PLEKHG5_-_6545490.23-P2++PLEKHG5_-_6545291.23-P2|PLEKHG5_-_6545490.23-P2,1
PMFBP1_+_72205089.23-ENST00000355636.6|PMFBP1_-_72205086.23-ENST00000355636.6++PMFBP1_+_72205089.23-ENST00000355636.6|PMFBP1_-_72205086.23-ENST00000355636.6,1
PNLIPRP2_-_118380523.23-P1P2|PNLIPRP2_+_118380661.23-P1P2++PNLIPRP2_-_118380523.23-P1P2|PNLIPRP2_+_118380661.23-P1P2,1
PNMT_+_37824539.23-P1P2|PNMT_-_37824490.23-P1P2++PNMT_+_37824539.23-P1P2|PNMT_-_37824490.23-P1P2,3
PNPLA1_-_36211042.23-P1P2|PNPLA1_+_36210857.23-P1P2++SOWAHC_+_110371998.23-P1P2|SOWAHC_-_110371950.23-P1P2,1
PNPLA3_-_44319677.23-P1P2|PNPLA3_-_44319699.23-P1P2++PNPLA3_-_44319677.23-P1P2|PNPLA3_-_44319699.23-P1P2,4
PNPLA8_-_108166497.23-P1P2|PNPLA8_-_108166506.23-P1P2++PNPLA8_-_108166497.23-P1P2|PNPLA8_-_108166506.23-P1P2,3
POLR1C_-_43484871.23-P1|POLR1C_-_43484868.23-P1++POLR1C_-_43484871.23-P1|POLR1C_-_43484868.23-P1,4
POLR2J2_+_102312150.23-P1P2|POLR2J2_+_102312168.23-P1P2++POLR2J2_+_102312150.23-P1P2|POLR2J2_+_102312168.23-P1P2,1
PPFIA3_-_49622853.23-P2|PPFIA3_+_49623064.23-P2++PPFIA3_-_49622853.23-P2|PPFIA3_+_49623064.23-P2,1
PPIL3_-_201753970.23-P1P2|PPIL3_+_201753688.23-P1P2++PPIL3_-_201753970.23-P1P2|PPIL3_+_201753688.23-P1P2,1
PPME1_-_73882402.23-P1P2|PPME1_+_73882513.23-P1P2++PPME1_-_73882402.23-P1P2|PPME1_+_73882513.23-P1P2,4
PPP1R13L_+_45908182.23-P1|PPP1R13L_-_45908257.23-P1++PPP1R13L_+_45908182.23-P1|PPP1R13L_-_45908257.23-P1,12
PPP1R13L_+_45909620.23-P2|PPP1R13L_+_45909148.23-P2++PPP1R13L_+_45909620.23-P2|PPP1R13L_+_45909148.23-P2,6
PPP2CB_+_30670275.23-P1P2|PPP2CB_+_30670289.23-P1P2++PPP2CB_+_30670275.23-P1P2|PPP2CB_+_30670289.23-P1P2,2
PRAF2_-_48931624.23-P1|PRAF2_+_48931631.23-P1++PRAF2_-_48931624.23-P1|PRAF2_+_48931631.23-P1,2
PRKCZ_+_1981952.23-P2|PRKCZ_-_1981944.23-P2++PRKCZ_+_1981952.23-P2|PRKCZ_-_1981944.23-P2,1
PRMT2_-_48056006.23-P1P2|PRMT2_+_48055615.23-P1P2++PRMT2_-_48056006.23-P1P2|PRMT2_+_48055615.23-P1P2,4
PRMT8_-_3600406.23-P1P2|PRMT8_-_3600400.23-P1P2++PRMT8_-_3600406.23-P1P2|PRMT8_-_3600400.23-P1P2,1
PROP1_+_177423229.23-P1P2|PROP1_+_177423180.23-P1P2++PROP1_+_177423229.23-P1P2|PROP1_+_177423180.23-P1P2,3
PRR15L_-_46035188.23-P1P2|PRR15L_-_46035203.23-P1P2++PRR15L_-_46035188.23-P1P2|PRR15L_-_46035203.23-P1P2,7
PSEN2_-_227058341.23-P1P2|PSEN2_-_227058350.23-P1P2++PSEN2_-_227058341.23-P1P2|PSEN2_-_227058350.23-P1P2,5
PSTK_+_124739974.23-P1|PSTK_-_124739917.23-P1++PSTK_+_124739974.23-P1|PSTK_-_124739917.23-P1,9
PSTPIP1_+_77287737.23-P1P2|PSTPIP1_+_77287750.23-P1P2++PSTPIP1_+_77287737.23-P1P2|PSTPIP1_+_77287750.23-P1P2,6
PTGS1_+_125133327.23-P1P2|PTGS1_+_125133368.23-P1P2++PTGS1_+_125133327.23-P1P2|PTGS1_+_125133368.23-P1P2,6
PTPLAD1_-_65822842.23-P1P2|PTPLAD1_-_65822874.23-P1P2++PTPLAD1_-_65822842.23-P1P2|PTPLAD1_-_65822874.23-P1P2,3
PTPN23_+_47422581.23-P1P2|PTPN23_+_47422702.23-P1P2++PTPN23_+_47422581.23-P1P2|PTPN23_+_47422702.23-P1P2,6
QSOX2_+_139137443.23-P1P2|QSOX2_+_139137600.23-P1P2++QSOX2_+_139137443.23-P1P2|QSOX2_+_139137600.23-P1P2,3
RAB26_+_2198639.23-P1P2|RAB26_+_2198700.23-P1P2++RAB26_+_2198639.23-P1P2|RAB26_+_2198700.23-P1P2,6
RAB4A_-_229406955.23-P1P2|RAB4A_-_229406931.23-P1P2++RAB4A_-_229406955.23-P1P2|RAB4A_-_229406931.23-P1P2,6
RAD52_+_1058756.23-P1|RAD52_-_1058797.23-P1++SAMD4A_-_55033929.23-P1P2|SAMD4A_+_55034152.23-P1P2,1
RAI1_-_17584813.23-P1P2|RAI1_+_17584786.23-P1P2++RAI1_-_17584813.23-P1P2|RAI1_+_17584786.23-P1P2,1
RAP1B_-_69004676.23-P1P2|RAP1B_+_69004768.23-P1P2++RAP1B_-_69004676.23-P1P2|RAP1B_+_69004768.23-P1P2,1
RBBP8_+_20513550.23-P1P2|RBBP8_-_20513527.23-P1P2++RBBP8_+_20513550.23-P1P2|RBBP8_-_20513527.23-P1P2,6
RBM19_+_114404081.23-P1P2|RBM19_+_114404111.23-P1P2++RBM19_+_114404081.23-P1P2|RBM19_+_114404111.23-P1P2,1
RBM23_-_23388298.23-P1P2|RBM23_-_23388350.23-P1P2++RBM23_-_23388298.23-P1P2|RBM23_-_23388350.23-P1P2,1
RBP2_+_139199584.23-P2|RBP2_-_139199525.23-P2++RBP2_+_139199584.23-P2|RBP2_-_139199525.23-P2,6
RCE1_-_66610932.23-P1P2|RCE1_-_66610929.23-P1P2++RCE1_-_66610932.23-P1P2|RCE1_-_66610929.23-P1P2,1
RDX_-_110167265.23-P1P2|RDX_+_110167318.23-P1P2++RDX_-_110167265.23-P1P2|RDX_+_110167318.23-P1P2,1
REM1_-_30063267.23-P1P2|REM1_+_30063153.23-P1P2++REM1_-_30063267.23-P1P2|REM1_+_30063153.23-P1P2,8
RFC2_+_73668703.23-P1P2|RFC2_+_73668706.23-P1P2++RFC2_+_73668703.23-P1P2|RFC2_+_73668706.23-P1P2,2
RGPD2_+_88124859.23-P1P2|RGPD2_-_88124815.23-P1P2++RGPD2_+_88124859.23-P1P2|RGPD2_-_88124815.23-P1P2,1
RGPD2_+_88124859.23-P1P2|RGPD2_-_88124815.23-P1P2++TOX4_-_21945558.23-P1P2|TOX4_-_21945773.23-P1P2,1
RMDN3_+_41047389.23-P1P2|RMDN3_+_41047422.23-P1P2++RMDN3_+_41047389.23-P1P2|RMDN3_+_41047422.23-P1P2,3
RNASE1_-_21270987.23-P1P2|RNASE1_+_21270928.23-P1P2++FAM189A2_-_71939550.23-P1P2|FAM189A2_+_71939536.23-P1P2,1
RNASE1_-_21270987.23-P1P2|RNASE1_+_21270928.23-P1P2++RNASE1_-_21270987.23-P1P2|RNASE1_+_21270928.23-P1P2,7
RNF145_-_158636562.23-P1|RNF145_-_158636514.23-P1++RNF145_-_158636562.23-P1|RNF145_-_158636514.23-P1,3
RNF208_-_140115846.23-P1P2|RNF208_-_140115867.23-P1P2++RNF208_-_140115846.23-P1P2|RNF208_-_140115867.23-P1P2,12
RNF41_-_56615654.23-P1P2|RNF41_+_56615615.23-P1P2++RNF41_-_56615654.23-P1P2|RNF41_+_56615615.23-P1P2,2
RNF44_-_175964806.23-P1P2|RNF44_+_175964795.23-P1P2++RNF44_-_175964806.23-P1P2|RNF44_+_175964795.23-P1P2,3
RPIA_+_88991224.23-P1P2|RPIA_-_88991376.23-P1P2++RPIA_+_88991224.23-P1P2|RPIA_-_88991376.23-P1P2,2
RPL10A_-_35436407.23-P1P2|RPL10A_-_35436216.23-P1P2++RPL10A_-_35436407.23-P1P2|RPL10A_-_35436216.23-P1P2,3
RPL18_-_49122442.23-P1P2|RPL18_-_49122404.23-P1P2++RPL18_-_49122442.23-P1P2|RPL18_-_49122404.23-P1P2,2
RPRD2_-_150337196.23-P1P2|RPRD2_-_150337271.23-P1P2++RPRD2_-_150337196.23-P1P2|RPRD2_-_150337271.23-P1P2,2
RPS29_+_50065387.23-P2|RPS29_-_50065393.23-P2++RPS29_+_50065387.23-P2|RPS29_-_50065393.23-P2,8
RPS29_-_50052902.23-P1|RPS29_-_50052869.23-P1++RPS29_-_50052902.23-P1|RPS29_-_50052869.23-P1,2
RSAD1_+_48556157.23-P1P2|RSAD1_-_48556281.23-P1P2++RSAD1_+_48556157.23-P1P2|RSAD1_-_48556281.23-P1P2,11
RSPO3_-_127439819.23-P1P2|RSPO3_+_127439883.23-P1P2++RSPO3_-_127439819.23-P1P2|RSPO3_+_127439883.23-P1P2,4
RTTN_+_67872884.23-P1P2|RTTN_+_67872899.23-P1P2++RTTN_+_67872884.23-P1P2|RTTN_+_67872899.23-P1P2,1
RUFY3_-_71570533.23-P2|RUFY3_-_71570542.23-P2++RUFY3_-_71570533.23-P2|RUFY3_-_71570542.23-P2,3
RUNDC1_-_41132635.23-P1P2|RUNDC1_-_41132611.23-P1P2++RUNDC1_-_41132635.23-P1P2|RUNDC1_-_41132611.23-P1P2,2
RUNX2_+_45390082.23-P2|RUNX2_+_45390079.23-P2++RUNX2_+_45390082.23-P2|RUNX2_+_45390079.23-P2,1
RYBP_-_72496305.23-P1P2|RYBP_+_72496240.23-P1P2++RYBP_-_72496305.23-P1P2|RYBP_+_72496240.23-P1P2,1
RYR2_+_237205558.23-P1P2|RYR2_-_237205519.23-P1P2++RYR2_+_237205558.23-P1P2|RYR2_-_237205519.23-P1P2,5
SAA4_-_18258338.23-P1P2|SAA4_+_18258262.23-P1P2++SAA4_-_18258338.23-P1P2|SAA4_+_18258262.23-P1P2,9
SCAND1_+_34542199.23-P1P2|SCAND1_-_34542391.23-P1P2++SCAND1_+_34542199.23-P1P2|SCAND1_-_34542391.23-P1P2,3
SCARB2_+_77134704.23-P1P2|SCARB2_-_77134757.23-P1P2++SCARB2_+_77134704.23-P1P2|SCARB2_-_77134757.23-P1P2,4
SCIMP_+_5138138.23-P1P2|SCIMP_-_5137939.23-P1P2++SCIMP_+_5138138.23-P1P2|SCIMP_-_5137939.23-P1P2,2
SDCBP2_+_1309769.23-P1P2|SDCBP2_+_1309787.23-P1P2++SDCBP2_+_1309769.23-P1P2|SDCBP2_+_1309787.23-P1P2,3
SDF2L1_+_21996653.23-P1P2|SDF2L1_-_21996833.23-P1P2++SDF2L1_+_21996653.23-P1P2|SDF2L1_-_21996833.23-P1P2,4
SEC61G_-_54826545.23-P1P2|SEC61G_+_54826873.23-P1P2++SEC61G_-_54826545.23-P1P2|SEC61G_+_54826873.23-P1P2,3
SEC63_+_108278979.23-P1P2|SEC63_-_108279195.23-P1P2++SEC63_+_108278979.23-P1P2|SEC63_-_108279195.23-P1P2,1
SELENBP1_+_151345107.23-P1P2|SELENBP1_+_151345102.23-P1P2++SELENBP1_+_151345107.23-P1P2|SELENBP1_+_151345102.23-P1P2,3
SELP_+_169599351.23-P1P2|SELP_+_169599347.23-P1P2++SELP_+_169599351.23-P1P2|SELP_+_169599347.23-P1P2,3
SELT_-_150340251.23-P1P2|SELT_-_150340282.23-P1P2++SELT_-_150340251.23-P1P2|SELT_-_150340282.23-P1P2,7
SENP8_-_72410766.23-P1P2|SENP8_+_72410819.23-P1P2++SENP8_-_72410766.23-P1P2|SENP8_+_72410819.23-P1P2,1
SEPT3_-_42372842.23-P1P2|SEPT3_-_42372845.23-P1P2++SEPT3_-_42372842.23-P1P2|SEPT3_-_42372845.23-P1P2,1
SERPINA3_+_95081005.23-P2|SERPINA3_+_95081061.23-P2++NUDCD3_+_44530211.23-P1P2|NUDCD3_+_44530237.23-P1P2,2
SFRP5_+_99531748.23-P1P2|SFRP5_-_99531726.23-P1P2++SFRP5_+_99531748.23-P1P2|SFRP5_-_99531726.23-P1P2,4
SGK3_+_67624766.23-ENST00000521198.2|SGK3_-_67625072.23-ENST00000521198.2++SGK3_+_67624766.23-ENST00000521198.2|SGK3_-_67625072.23-ENST00000521198.2,3
SH2D2A_-_156786532.23-P1|SH2D2A_-_156786503.23-P1++SH2D2A_-_156786532.23-P1|SH2D2A_-_156786503.23-P1,1
SH3D19_-_152149049.23-P1|SH3D19_-_152149028.23-P1++SH3D19_-_152149049.23-P1|SH3D19_-_152149028.23-P1,5
SHC1_+_154946876.23-P2|SHC1_-_154946434.23-P2++SHC1_+_154946876.23-P2|SHC1_-_154946434.23-P2,1
SHROOM4_+_50557135.23-P1P2|SHROOM4_-_50556994.23-P1P2++SHROOM4_+_50557135.23-P1P2|SHROOM4_-_50556994.23-P1P2,3
SIVA1_+_105219541.23-P1P2|SIVA1_+_105219555.23-P1P2++SIVA1_+_105219541.23-P1P2|SIVA1_+_105219555.23-P1P2,3
SIX6_-_60975927.23-P1P2|SIX6_+_60975936.23-P1P2++SIX6_-_60975927.23-P1P2|SIX6_+_60975936.23-P1P2,3
SLC16A1_-_113478654.23-P2|SLC16A1_-_113478146.23-P2++SLC16A1_-_113478654.23-P2|SLC16A1_-_113478146.23-P2,1
SLC25A37_-_23386540.23-P1P2|SLC25A37_+_23386862.23-P1P2++SLC25A37_-_23386540.23-P1P2|SLC25A37_+_23386862.23-P1P2,6
SLC25A6_-_1508485.23-P2|SLC25A6_-_1508504.23-P2++SLC25A6_-_1508485.23-P2|SLC25A6_-_1508504.23-P2,5
SLC29A1_-_44187378.23-P2|SLC29A1_+_44187375.23-P2++SLC29A1_-_44187378.23-P2|SLC29A1_+_44187375.23-P2,2
SLC35B1_-_47785242.23-P1P2|SLC35B1_-_47785236.23-P1P2++SLC35B1_-_47785242.23-P1P2|SLC35B1_-_47785236.23-P1P2,2
SLC37A2_+_124933226.23-P1P2|SLC37A2_+_124933229.23-P1P2++SLC37A2_+_124933226.23-P1P2|SLC37A2_+_124933229.23-P1P2,5
SLC38A1_+_46662783.23-P1P2|SLC38A1_+_46662757.23-P1P2++SLC38A1_+_46662783.23-P1P2|SLC38A1_+_46662757.23-P1P2,2
SLC39A7_-_33168697.23-P1P2|SLC39A7_-_33168709.23-P1P2++SLC39A7_-_33168697.23-P1P2|SLC39A7_-_33168709.23-P1P2,3
SLC51A_-_195943437.23-P1P2|SLC51A_+_195943536.23-P1P2++SLC51A_-_195943437.23-P1P2|SLC51A_+_195943536.23-P1P2,4
SLC9B2_+_103997877.23-P1P2|SLC9B2_-_103997777.23-P1P2++SLC9B2_+_103997877.23-P1P2|SLC9B2_-_103997777.23-P1P2,6
SLPI_+_43883120.23-P1P2|SLPI_-_43883176.23-P1P2++SLPI_+_43883120.23-P1P2|SLPI_-_43883176.23-P1P2,1
SMC1B_-_45809096.23-P1P2|SMC1B_-_45809130.23-P1P2++SMC1B_-_45809096.23-P1P2|SMC1B_-_45809130.23-P1P2,1
SMG6_-_2206815.23-P1P2|SMG6_+_2206838.23-P1P2++SMG6_-_2206815.23-P1P2|SMG6_+_2206838.23-P1P2,1
SMIM21_-_73139490.23-P1P2|SMIM21_-_73139524.23-P1P2++SMIM21_-_73139490.23-P1P2|SMIM21_-_73139524.23-P1P2,1
SMPD4_+_130939639.23-P1P2|SMPD4_-_130939137.23-P1P2++SMPD4_+_130939639.23-P1P2|SMPD4_-_130939137.23-P1P2,3
SNAP91_+_84418746.23-P1P2|SNAP91_+_84418487.23-P1P2++SNAP91_+_84418746.23-P1P2|SNAP91_+_84418487.23-P1P2,1
SNCAIP_+_121647722.23-P1P2|SNCAIP_-_121647806.23-P1P2++SNCAIP_+_121647722.23-P1P2|SNCAIP_-_121647806.23-P1P2,6
SNRPD3_+_24951964.23-P1P2|SNRPD3_+_24951988.23-P1P2++SNRPD3_+_24951964.23-P1P2|SNRPD3_+_24951988.23-P1P2,7
SNUPN_+_75918041.23-P1P2|SNUPN_+_75918062.23-P1P2++SNUPN_+_75918041.23-P1P2|SNUPN_+_75918062.23-P1P2,2
SNX14_-_86303648.23-P1P2|SNX14_-_86303586.23-P1P2++CCNJL_+_159739530.23-P1P2|CCNJL_-_159739490.23-P1P2,1
SOCS1_+_11350043.23-P1P2|SOCS1_-_11350018.23-P1P2++SOCS1_+_11350043.23-P1P2|SOCS1_-_11350018.23-P1P2,2
SOGA1_+_35491862.23-P1P2|SOGA1_-_35491725.23-P1P2++SOGA1_+_35491862.23-P1P2|SOGA1_-_35491725.23-P1P2,2
SORCS3_-_106401091.23-P1P2|SORCS3_+_106401150.23-P1P2++SORCS3_-_106401091.23-P1P2|SORCS3_+_106401150.23-P1P2,1
SOWAHC_+_110371998.23-P1P2|SOWAHC_-_110371950.23-P1P2++SOWAHC_+_110371998.23-P1P2|SOWAHC_-_110371950.23-P1P2,3
SOX18_-_62680978.23-P1P2|SOX18_-_62680990.23-P1P2++SOX18_-_62680978.23-P1P2|SOX18_-_62680990.23-P1P2,4
SP100_-_231280972.23-P1P2|SP100_-_231280964.23-P1P2++SP100_-_231280972.23-P1P2|SP100_-_231280964.23-P1P2,5
SP110_-_231084668.23-P1P2|SP110_-_231084656.23-P1P2++SP110_-_231084668.23-P1P2|SP110_-_231084656.23-P1P2,3
SPAG1_+_101170243.23-ENST00000251809.3|SPAG1_-_101170308.23-ENST00000251809.3++SPAG1_+_101170243.23-ENST00000251809.3|SPAG1_-_101170308.23-ENST00000251809.3,1
SPATA6L_+_4666416.23-P1P2|SPATA6L_+_4666412.23-P1P2++SPATA6L_+_4666416.23-P1P2|SPATA6L_+_4666412.23-P1P2,3
SPIRE2_-_89894924.23-P1P2|SPIRE2_-_89894901.23-P1P2++SPIRE2_-_89894924.23-P1P2|SPIRE2_-_89894901.23-P1P2,1
SPO11_-_55904873.23-P1P2|SPO11_-_55904890.23-P1P2++SPO11_-_55904873.23-P1P2|SPO11_-_55904890.23-P1P2,3
SPTBN1_+_54683521.23-P1P2|SPTBN1_+_54683684.23-P1P2++SPTBN1_+_54683521.23-P1P2|SPTBN1_+_54683684.23-P1P2,9
SPTB_+_65346377.23-P1P2|SPTB_+_65346626.23-P1P2++SPTB_+_65346377.23-P1P2|SPTB_+_65346626.23-P1P2,4
SPTSSA_+_34931416.23-P1P2|SPTSSA_+_34931459.23-P1P2++SPTSSA_+_34931416.23-P1P2|SPTSSA_+_34931459.23-P1P2,10
SRRM4_+_119419415.23-P1P2|SRRM4_+_119419361.23-P1P2++SRRM4_+_119419415.23-P1P2|SRRM4_+_119419361.23-P1P2,2
SSB_+_170655450.23-P1P2|SSB_+_170655596.23-P1P2++SSB_+_170655450.23-P1P2|SSB_+_170655596.23-P1P2,5
SSH2_-_28257209.23-P1P2|SSH2_+_28257189.23-P1P2++SSH2_-_28257209.23-P1P2|SSH2_+_28257189.23-P1P2,1
STAT5B_+_40428264.23-P1P2|STAT5B_+_40428385.23-P1P2++STAT5B_+_40428264.23-P1P2|STAT5B_+_40428385.23-P1P2,1
STAU2_+_74658690.23-P1P2|STAU2_-_74658866.23-P1P2++STAU2_+_74658690.23-P1P2|STAU2_-_74658866.23-P1P2,1
STEAP3_+_119981433.23-P1P2|STEAP3_-_119981818.23-P1P2++STEAP3_+_119981433.23-P1P2|STEAP3_-_119981818.23-P1P2,3
STPG2_-_99064245.23-P1P2|STPG2_-_99064152.23-P1P2++STPG2_-_99064245.23-P1P2|STPG2_-_99064152.23-P1P2,2
STRA13_+_79980695.23-P1P2|STRA13_+_79980700.23-P1P2++STRA13_+_79980695.23-P1P2|STRA13_+_79980700.23-P1P2,9
STX11_+_144471686.23-P1P2|STX11_-_144471660.23-P1P2++STX11_+_144471686.23-P1P2|STX11_-_144471660.23-P1P2,5
SUGP1_-_19431214.23-P1P2|SUGP1_-_19431183.23-P1P2++SUGP1_-_19431214.23-P1P2|SUGP1_-_19431183.23-P1P2,2
SVIP_+_22851313.23-P1P2|SVIP_+_22851369.23-P1P2++SVIP_+_22851313.23-P1P2|SVIP_+_22851369.23-P1P2,3
SYT14_-_210111642.23-P1P2|SYT14_-_210111612.23-P1P2++SYT14_-_210111642.23-P1P2|SYT14_-_210111612.23-P1P2,2
TAAR8_+_132873903.23-ENST00000275200.1|TAAR8_+_132873919.23-ENST00000275200.1++NDUFB11_+_47004615.23-P1P2|NDUFB11_-_47004045.23-P1P2,1
TAAR8_+_132873903.23-ENST00000275200.1|TAAR8_+_132873919.23-ENST00000275200.1++TAAR8_+_132873903.23-ENST00000275200.1|TAAR8_+_132873919.23-ENST00000275200.1,6
TAB2_-_149639465.23-P1P2|TAB2_-_149639613.23-P1P2++TAB2_-_149639465.23-P1P2|TAB2_-_149639613.23-P1P2,2
TACC2_-_123923171.23-ENST00000260733.3|TACC2_+_123923190.23-ENST00000260733.3++TACC2_-_123923171.23-ENST00000260733.3|TACC2_+_123923190.23-ENST00000260733.3,6
TACR2_+_71176645.23-P2|TACR2_-_71176677.23-P2++TACR2_+_71176645.23-P2|TACR2_-_71176677.23-P2,3
TACSTD2_-_59042886.23-P1P2|TACSTD2_-_59042834.23-P1P2++TACSTD2_-_59042886.23-P1P2|TACSTD2_-_59042834.23-P1P2,4
TBC1D22B_-_37225592.23-P1P2|TBC1D22B_-_37225569.23-P1P2++TBC1D22B_-_37225592.23-P1P2|TBC1D22B_-_37225569.23-P1P2,4
TBC1D7_-_13327037.23-P1P2|TBC1D7_+_13328705.23-P1P2++TBC1D7_-_13327037.23-P1P2|TBC1D7_+_13328705.23-P1P2,1
TBX15_-_119530548.23-P1P2|TBX15_+_119530246.23-P1P2++TBX15_-_119530548.23-P1P2|TBX15_+_119530246.23-P1P2,3
TCAIM_-_44380276.23-P1P2|TCAIM_-_44379827.23-P1P2++TCAIM_-_44380276.23-P1P2|TCAIM_-_44379827.23-P1P2,1
TCEAL1_+_102883916.23-P1P2|TCEAL1_+_102884146.23-P1P2++TCEAL1_+_102883916.23-P1P2|TCEAL1_+_102884146.23-P1P2,2
TCEAL5_-_102531686.23-P1P2|TCEAL5_+_102531573.23-P1P2++TCEAL5_-_102531686.23-P1P2|TCEAL5_+_102531573.23-P1P2,4
TCF15_+_590907.23-P1P2|TCF15_+_590890.23-P1P2++TCF15_+_590907.23-P1P2|TCF15_+_590890.23-P1P2,2
TCHH_-_152087880.23-P1P2|TCHH_-_152087912.23-P1P2++TCHH_-_152087880.23-P1P2|TCHH_-_152087912.23-P1P2,1
TCP11L2_+_106696670.23-P1P2|TCP11L2_+_106696688.23-P1P2++TCP11L2_+_106696670.23-P1P2|TCP11L2_+_106696688.23-P1P2,10
THAP11_+_67876226.23-P1P2|THAP11_-_67876223.23-P1P2++THAP11_+_67876226.23-P1P2|THAP11_-_67876223.23-P1P2,2
TLCD1_-_27053186.23-P1P2|TLCD1_+_27053148.23-P1P2++TLCD1_-_27053186.23-P1P2|TLCD1_+_27053148.23-P1P2,2
TLN1_+_35732116.23-P1P2|TLN1_+_35732111.23-P1P2++STARD6_+_51884217.23-ENST00000581310.1|STARD6_-_51884087.23-ENST00000581310.1,1
TLN1_+_35732116.23-P1P2|TLN1_+_35732111.23-P1P2++TLN1_+_35732116.23-P1P2|TLN1_+_35732111.23-P1P2,8
TM9SF3_-_98346713.23-P1P2|TM9SF3_+_98346507.23-P1P2++TM9SF3_-_98346713.23-P1P2|TM9SF3_+_98346507.23-P1P2,1
TMCO5A_-_38226895.23-P1P2|TMCO5A_-_38226868.23-P1P2++TMCO5A_-_38226895.23-P1P2|TMCO5A_-_38226868.23-P1P2,2
TMEM127_+_96931644.23-P1P2|TMEM127_+_96931705.23-P1P2++TMEM127_+_96931644.23-P1P2|TMEM127_+_96931705.23-P1P2,5
TMEM132C_-_128752037.23-P1P2|TMEM132C_+_128752164.23-P1P2++TMEM132C_-_128752037.23-P1P2|TMEM132C_+_128752164.23-P1P2,1
TMEM159_+_21170012.23-P1P2|TMEM159_-_21170045.23-P1P2++TMEM159_+_21170012.23-P1P2|TMEM159_-_21170045.23-P1P2,4
TMEM214_-_27255873.23-P1P2|TMEM214_-_27255853.23-P1P2++TMEM214_-_27255873.23-P1P2|TMEM214_-_27255853.23-P1P2,2
TMEM237_+_202508194.23-P1P2|TMEM237_-_202508210.23-P1P2++TMEM237_+_202508194.23-P1P2|TMEM237_-_202508210.23-P1P2,1
TMEM260_+_57046573.23-P1P2|TMEM260_-_57046521.23-P1P2++TMEM260_+_57046573.23-P1P2|TMEM260_-_57046521.23-P1P2,1
TMEM2_+_74383413.23-P1P2|TMEM2_+_74383386.23-P1P2++TMEM2_+_74383413.23-P1P2|TMEM2_+_74383386.23-P1P2,3
TMEM47_+_34675142.23-P1P2|TMEM47_-_34675342.23-P1P2++TMEM47_+_34675142.23-P1P2|TMEM47_-_34675342.23-P1P2,1
TMEM61_-_55446336.23-P1P2|TMEM61_-_55446367.23-P1P2++TMEM61_-_55446336.23-P1P2|TMEM61_-_55446367.23-P1P2,2
TMEM74_+_109799801.23-P1P2|TMEM74_+_109799811.23-P1P2++TMEM163_-_135476529.23-P1P2|TMEM163_-_135476506.23-P1P2,1
TMEM74_+_109799801.23-P1P2|TMEM74_+_109799811.23-P1P2++TMEM74_+_109799801.23-P1P2|TMEM74_+_109799811.23-P1P2,1
TMEM88B_-_1361356.23-P1P2|TMEM88B_+_1361457.23-P1P2++TMEM88B_-_1361356.23-P1P2|TMEM88B_+_1361457.23-P1P2,1
TMEM8C_-_136393679.23-P2|TMEM8C_-_136393532.23-P2++TMEM8C_-_136393679.23-P2|TMEM8C_-_136393532.23-P2,7
TMPRSS5_-_113576987.23-P1P2|TMPRSS5_+_113577000.23-P1P2++TMPRSS5_-_113576987.23-P1P2|TMPRSS5_+_113577000.23-P1P2,3
TNFRSF10A_+_23082956.23-P1P2|TNFRSF10A_+_23082395.23-P1P2++TNFRSF10A_+_23082956.23-P1P2|TNFRSF10A_+_23082395.23-P1P2,2
TNFRSF18_-_1141916.23-P1P2|TNFRSF18_-_1141870.23-P1P2++TNFRSF18_-_1141916.23-P1P2|TNFRSF18_-_1141870.23-P1P2,14
TNK1_-_7284456.23-P1P2|TNK1_-_7284444.23-P1P2++TNK1_-_7284456.23-P1P2|TNK1_-_7284444.23-P1P2,1
TNRC6B_-_40440879.23-P1P2|TNRC6B_+_40440893.23-P1P2++TNRC6B_-_40440879.23-P1P2|TNRC6B_+_40440893.23-P1P2,1
TP53BP1_+_43785353.23-P1|TP53BP1_+_43785299.23-P1++TP53BP1_+_43785353.23-P1|TP53BP1_+_43785299.23-P1,9
TPCN1_-_113659527.23-P1P2|TPCN1_-_113659533.23-P1P2++TPCN1_-_113659527.23-P1P2|TPCN1_-_113659533.23-P1P2,2
TPCN2_-_68816586.23-P1P2|TPCN2_-_68816457.23-P1P2++TPCN2_-_68816586.23-P1P2|TPCN2_-_68816457.23-P1P2,1
TPRG1L_-_3541627.23-P1P2|TPRG1L_+_3541667.23-P1P2++TPRG1L_-_3541627.23-P1P2|TPRG1L_+_3541667.23-P1P2,2
TPRG1_-_188665043.23-ENST00000433971.1|TPRG1_-_188664963.23-ENST00000433971.1++TPRG1_-_188665043.23-ENST00000433971.1|TPRG1_-_188664963.23-ENST00000433971.1,2
TRAF3IP1_+_239229559.23-P1P2|TRAF3IP1_-_239229206.23-P1P2++TRAF3IP1_+_239229559.23-P1P2|TRAF3IP1_-_239229206.23-P1P2,8
TRAPPC2L_-_88923588.23-P1P2|TRAPPC2L_+_88923583.23-P1P2++TRAPPC2L_-_88923588.23-P1P2|TRAPPC2L_+_88923583.23-P1P2,1
TRDMT1_+_17243598.23-P1P2|TRDMT1_-_17243626.23-P1P2++TRDMT1_+_17243598.23-P1P2|TRDMT1_-_17243626.23-P1P2,3
TRIM17_-_228604165.23-P1P2|TRIM17_-_228604302.23-P1P2++TRIM17_-_228604165.23-P1P2|TRIM17_-_228604302.23-P1P2,1
TRIM49D1_-_89654883.23-ENST00000530311.2|TRIM49D1_-_89654920.23-ENST00000530311.2++TRIM49D1_-_89654883.23-ENST00000530311.2|TRIM49D1_-_89654920.23-ENST00000530311.2,1
TRIM49_-_89541727.23-ENST00000329758.1|TRIM49_+_89541667.23-ENST00000329758.1++TRIM49_-_89541727.23-ENST00000329758.1|TRIM49_+_89541667.23-ENST00000329758.1,5
TRIM62_+_33647614.23-P1P2|TRIM62_+_33647611.23-P1P2++TRIM62_+_33647614.23-P1P2|TRIM62_+_33647611.23-P1P2,1
TRIM8_-_104404307.23-P1P2|TRIM8_-_104404265.23-P1P2++TRIM8_-_104404307.23-P1P2|TRIM8_-_104404265.23-P1P2,5
TRMT12_-_125463146.23-P1P2|TRMT12_-_125463284.23-P1P2++TRMT12_-_125463146.23-P1P2|TRMT12_-_125463284.23-P1P2,1
TSLP_+_110409305.23-P1P2|TSLP_+_110409194.23-P1P2++CORO2A_+_100954909.23-P1P2|CORO2A_-_100954890.23-P1P2,1
TSLP_+_110409305.23-P1P2|TSLP_+_110409194.23-P1P2++TSLP_+_110409305.23-P1P2|TSLP_+_110409194.23-P1P2,13
TSPAN17_-_176074537.23-P1P2|TSPAN17_-_176074527.23-P1P2++TSPAN17_-_176074537.23-P1P2|TSPAN17_-_176074527.23-P1P2,1
TSPAN5_-_99579743.23-P1P2|TSPAN5_-_99579534.23-P1P2++TSPAN5_-_99579743.23-P1P2|TSPAN5_-_99579534.23-P1P2,3
TTC16_+_130482561.23-P1P2|TTC16_+_130482627.23-P1P2++TTC16_+_130482561.23-P1P2|TTC16_+_130482627.23-P1P2,2
TTC28_+_29075829.23-ENST00000397906.2|TTC28_+_29075460.23-ENST00000397906.2++TTC28_+_29075829.23-ENST00000397906.2|TTC28_+_29075460.23-ENST00000397906.2,5
TUBB_+_30688145.23-P1|TUBB_+_30688173.23-P1++TUBB_+_30688145.23-P1|TUBB_+_30688173.23-P1,2
UBD_-_29527492.23-P1P2|UBD_+_29527428.23-P1P2++UBD_-_29527492.23-P1P2|UBD_+_29527428.23-P1P2,5
UBE2E1_+_23847857.23-P1P2|UBE2E1_+_23848020.23-P1P2++UBE2E1_+_23847857.23-P1P2|UBE2E1_+_23848020.23-P1P2,12
UCN2_+_48601204.23-P1P2|UCN2_-_48601020.23-P1P2++UCN2_+_48601204.23-P1P2|UCN2_-_48601020.23-P1P2,3
UHRF2_-_6413588.23-P1P2|UHRF2_+_6413352.23-P1P2++UHRF2_-_6413588.23-P1P2|UHRF2_+_6413352.23-P1P2,4
UQCRC1_-_48643052.23-P2|UQCRC1_+_48643236.23-P2++UQCRC1_-_48643052.23-P2|UQCRC1_+_48643236.23-P2,26
UQCRC1_-_48643052.23-P2|UQCRC1_+_48643236.23-P2++ZNF841_+_52598992.23-P1P2|ZNF841_+_52598987.23-P1P2,1
UST_+_149068214.23-P1P2|UST_-_149068253.23-P1P2++UST_+_149068214.23-P1P2|UST_-_149068253.23-P1P2,2
VEZT_-_95611616.23-P1P2|VEZT_-_95611619.23-P1P2++VEZT_-_95611616.23-P1P2|VEZT_-_95611619.23-P1P2,1
VPREB3_-_24096558.23-P1P2|VPREB3_-_24096526.23-P1P2++VPREB3_-_24096558.23-P1P2|VPREB3_-_24096526.23-P1P2,1
VPS13C_-_62352597.23-P1P2|VPS13C_-_62352629.23-P1P2++VPS13C_-_62352597.23-P1P2|VPS13C_-_62352629.23-P1P2,8
VPS26B_+_134094594.23-P1P2|VPS26B_-_134094908.23-P1P2++VPS26B_+_134094594.23-P1P2|VPS26B_-_134094908.23-P1P2,13
WDR33_+_128568707.23-P1P2|WDR33_-_128568762.23-P1P2++WDR33_+_128568707.23-P1P2|WDR33_-_128568762.23-P1P2,2
WFDC5_+_43743755.23-P1P2|WFDC5_+_43743752.23-P1P2++WFDC5_+_43743755.23-P1P2|WFDC5_+_43743752.23-P1P2,1
WHAMM_-_83478431.23-P1P2|WHAMM_+_83478460.23-P1P2++WHAMM_-_83478431.23-P1P2|WHAMM_+_83478460.23-P1P2,1
WIF1_+_65515011.23-P1P2|WIF1_+_65515067.23-P1P2++WIF1_+_65515011.23-P1P2|WIF1_+_65515067.23-P1P2,7
WNK1_+_862246.23-P1P2|WNK1_-_861784.23-P1P2++WNK1_+_862246.23-P1P2|WNK1_-_861784.23-P1P2,2
XKR9_+_71581663.23-P1P2|XKR9_-_71581637.23-P1P2++XKR9_+_71581663.23-P1P2|XKR9_-_71581637.23-P1P2,2
XPA_+_100459570.23-P1P2|XPA_+_100459564.23-P1P2++XPA_+_100459570.23-P1P2|XPA_+_100459564.23-P1P2,1
XPNPEP1_-_111683183.23-P1P2|XPNPEP1_+_111683152.23-P1P2++XPNPEP1_-_111683183.23-P1P2|XPNPEP1_+_111683152.23-P1P2,1
YBX2_+_7197885.23-P1P2|YBX2_+_7197918.23-P1P2++YBX2_+_7197885.23-P1P2|YBX2_+_7197918.23-P1P2,1
YIPF3_-_43484634.23-P1P2|YIPF3_-_43484610.23-P1P2++YIPF3_-_43484634.23-P1P2|YIPF3_-_43484610.23-P1P2,7
YIPF4_+_32503217.23-P1P2|YIPF4_+_32503128.23-P1P2++YIPF4_+_32503217.23-P1P2|YIPF4_+_32503128.23-P1P2,2
ZBTB16_-_113930863.23-P1P2|ZBTB16_-_113930871.23-P1P2++ZBTB16_-_113930863.23-P1P2|ZBTB16_-_113930871.23-P1P2,2
ZBTB46_+_62462503.23-P1P2|ZBTB46_+_62462565.23-P1P2++ZBTB46_+_62462503.23-P1P2|ZBTB46_+_62462565.23-P1P2,1
ZC3H4_-_47615493.23-P1|ZC3H4_-_47615449.23-P1++ZC3H4_-_47615493.23-P1|ZC3H4_-_47615449.23-P1,7
ZCCHC8_-_122985002.23-P1P2|ZCCHC8_+_122985231.23-P1P2++ZCCHC8_-_122985002.23-P1P2|ZCCHC8_+_122985231.23-P1P2,2
ZFAND1_+_82633509.23-P1|ZFAND1_+_82633512.23-P1++ZFAND1_+_82633509.23-P1|ZFAND1_+_82633512.23-P1,2
ZHX1-C8ORF76_-_124286708.23-P1P2|ZHX1-C8ORF76_-_124286647.23-P1P2++ZHX1-C8ORF76_-_124286708.23-P1P2|ZHX1-C8ORF76_-_124286647.23-P1P2,1
ZMYND12_-_42921603.23-P1P2|ZMYND12_+_42921633.23-P1P2++ZMYND12_-_42921603.23-P1P2|ZMYND12_+_42921633.23-P1P2,4
ZNF106_+_42749709.23-ENST00000263805.4|ZNF106_-_42749715.23-ENST00000263805.4++ZNF106_+_42749709.23-ENST00000263805.4|ZNF106_-_42749715.23-ENST00000263805.4,1
ZNF19_-_71518470.23-P1P2|ZNF19_+_71518384.23-P1P2++ZNF19_-_71518470.23-P1P2|ZNF19_+_71518384.23-P1P2,1
ZNF263_-_3313843.23-P2|ZNF263_-_3313847.23-P2++ZNF263_-_3313843.23-P2|ZNF263_-_3313847.23-P2,4
ZNF34_+_146012641.23-P1P2|ZNF34_+_146012670.23-P1P2++ZNF34_+_146012641.23-P1P2|ZNF34_+_146012670.23-P1P2,4
ZNF439_+_11959576.23-P1P2|ZNF439_+_11959582.23-P1P2++ZNF439_+_11959576.23-P1P2|ZNF439_+_11959582.23-P1P2,7
ZNF764_-_30569663.23-P1P2|ZNF764_-_30569648.23-P1P2++ZNF764_-_30569663.23-P1P2|ZNF764_-_30569648.23-P1P2,6
ZNF8_+_58790394.23-P1P2|ZNF8_+_58790344.23-P1P2++ZNF8_+_58790394.23-P1P2|ZNF8_+_58790344.23-P1P2,3
ZNF93_+_20011803.23-P1P2|ZNF93_-_20011969.23-P1P2++ZNF93_+_20011803.23-P1P2|ZNF93_-_20011969.23-P1P2,2
ZNHIT1_-_100861047.23-P1P2|ZNHIT1_-_100861482.23-P1P2++ZNHIT1_-_100861047.23-P1P2|ZNHIT1_-_100861482.23-P1P2,1
non-targeting_00077|non-targeting_01678++non-targeting_00077|non-targeting_01678,5
non-targeting_00246|non-targeting_01308++non-targeting_00246|non-targeting_01308,5
non-targeting_00260|non-targeting_02215++non-targeting_00260|non-targeting_02215,3
non-targeting_00327|non-targeting_01249++non-targeting_00327|non-targeting_01249,4
non-targeting_00379|non-targeting_02968++non-targeting_00379|non-targeting_02968,4
non-targeting_00438|non-targeting_00603++non-targeting_00438|non-targeting_00603,4
non-targeting_00550|non-targeting_00606++non-targeting_00550|non-targeting_00606,2
non-targeting_01046|non-targeting_00884++non-targeting_01046|non-targeting_00884,3
non-targeting_01086|non-targeting_01580++GRIN2A_+_10276522.23-P1P2|GRIN2A_+_10276682.23-P1P2,2
non-targeting_01313|non-targeting_01015++non-targeting_01313|non-targeting_01015,1
non-targeting_01348|non-targeting_02617++non-targeting_01348|non-targeting_02617,3
non-targeting_01628|non-targeting_03433++non-targeting_01628|non-targeting_03433,1
non-targeting_01717|non-targeting_01814++non-targeting_01717|non-targeting_01814,4
non-targeting_01907|non-targeting_01998++non-targeting_01907|non-targeting_01998,1
non-targeting_01943|non-targeting_02552++non-targeting_01943|non-targeting_02552,1
non-targeting_02027|non-targeting_00430++non-targeting_02027|non-targeting_00430,2
non-targeting_02283|non-targeting_02290++non-targeting_02283|non-targeting_02290,4
non-targeting_02307|non-targeting_02721++non-targeting_02307|non-targeting_02721,1
non-targeting_02488|non-targeting_02609++non-targeting_02488|non-targeting_02609,6
non-targeting_02577|non-targeting_00178++non-targeting_02577|non-targeting_00178,6
non-targeting_02908|non-targeting_02422++non-targeting_02908|non-targeting_02422,2
non-targeting_03116|non-targeting_00126++non-targeting_03116|non-targeting_00126,5
non-targeting_03491|non-targeting_01510++non-targeting_03491|non-targeting_01510,2
non-targeting_03750|non-targeting_03232++non-targeting_03750|non-targeting_03232,11