ABCA2_-_139922596.23-P1P2|ABCA2_+_139922669.23-P1P2++ABCA2_-_139922596.23-P1P2|ABCA2_+_139922669.23-P1P2,3
ABL1_-_133589228.23-ENST00000372348.2|ABL1_-_133589216.23-ENST00000372348.2++ABL1_-_133589228.23-ENST00000372348.2|ABL1_-_133589216.23-ENST00000372348.2,2
ACAT1_+_107992310.23-P1P2|ACAT1_+_107992321.23-P1P2++ACAT1_+_107992310.23-P1P2|ACAT1_+_107992321.23-P1P2,1
ACER2_+_19409007.23-P1P2|ACER2_-_19409274.23-P1P2++ACER2_+_19409007.23-P1P2|ACER2_-_19409274.23-P1P2,3
ACSL1_+_185747071.23-P1P2|ACSL1_+_185747074.23-P1P2++ACSL1_+_185747071.23-P1P2|ACSL1_+_185747074.23-P1P2,7
ACY3_-_67418149.23-P1|ACY3_+_67418110.23-P1++ACY3_-_67418149.23-P1|ACY3_+_67418110.23-P1,1
ADAM28_+_24151604.23-P1P2|ADAM28_+_24151646.23-P1P2++ADAM28_+_24151604.23-P1P2|ADAM28_+_24151646.23-P1P2,3
ADAMTS10_+_8675562.23-P1P2|ADAMTS10_+_8675559.23-P1P2++ADAMTS10_+_8675562.23-P1P2|ADAMTS10_+_8675559.23-P1P2,2
ADCK3_-_227128046.23-P1P2|ADCK3_-_227128055.23-P1P2++ADCK3_-_227128046.23-P1P2|ADCK3_-_227128055.23-P1P2,1
ADCY4_-_24804227.23-P1P2|ADCY4_-_24804233.23-P1P2++ADCY4_-_24804227.23-P1P2|ADCY4_-_24804233.23-P1P2,1
ADH7_+_100356481.23-P1P2|ADH7_+_100356385.23-P1P2++ADH7_+_100356481.23-P1P2|ADH7_+_100356385.23-P1P2,2
ADHFE1_-_67344732.23-P1P2|ADHFE1_-_67344792.23-P1P2++ADHFE1_-_67344732.23-P1P2|ADHFE1_-_67344792.23-P1P2,3
ADORA1_+_203097472.23-P1P2|ADORA1_+_203097450.23-P1P2++ADORA1_+_203097472.23-P1P2|ADORA1_+_203097450.23-P1P2,1
ADORA1_+_203097472.23-P1P2|ADORA1_+_203097450.23-P1P2++KCNQ2_+_62103935.23-P1P2|KCNQ2_+_62103790.23-P1P2,1
ADPRM_-_10600988.23-P1P2|ADPRM_+_10600958.23-P1P2++ADPRM_-_10600988.23-P1P2|ADPRM_+_10600958.23-P1P2,2
ALB_+_74275112.23-P2|ALB_+_74275099.23-P2++ALB_+_74275112.23-P2|ALB_+_74275099.23-P2,2
ALDH2_+_112204799.23-P1P2|ALDH2_+_112204778.23-P1P2++ALDH2_+_112204799.23-P1P2|ALDH2_+_112204778.23-P1P2,3
ALKBH8_+_107436405.23-P1P2|ALKBH8_+_107436425.23-P1P2++ALKBH8_+_107436405.23-P1P2|ALKBH8_+_107436425.23-P1P2,2
ALPP_+_233243502.23-P1P2|ALPP_+_233243599.23-P1P2++RUFY2_-_70166927.23-P1P2|RUFY2_-_70166840.23-P1P2,1
ALS2CL_+_46735125.23-P1P2|ALS2CL_+_46735113.23-P1P2++ALS2CL_+_46735125.23-P1P2|ALS2CL_+_46735113.23-P1P2,3
AMDHD1_+_96337113.23-P1P2|AMDHD1_-_96337132.23-P1P2++AMDHD1_+_96337113.23-P1P2|AMDHD1_-_96337132.23-P1P2,1
AMMECR1L_+_128643208.23-P1P2|AMMECR1L_-_128643556.23-P1P2++AMMECR1L_+_128643208.23-P1P2|AMMECR1L_-_128643556.23-P1P2,3
ANGPTL1_+_178840213.23-P1P2|ANGPTL1_-_178840143.23-P1P2++ANGPTL1_+_178840213.23-P1P2|ANGPTL1_-_178840143.23-P1P2,3
ANKRD40_+_48785164.23-P1P2|ANKRD40_+_48785242.23-P1P2++ANKRD40_+_48785164.23-P1P2|ANKRD40_+_48785242.23-P1P2,1
ANKRD9_-_102976042.23-P1P2|ANKRD9_+_102976027.23-P1P2++ANKRD9_-_102976042.23-P1P2|ANKRD9_+_102976027.23-P1P2,3
ANXA3_+_79472940.23-P1P2|ANXA3_-_79472946.23-P1P2++ANXA3_+_79472940.23-P1P2|ANXA3_-_79472946.23-P1P2,1
AP2B1_-_33914780.23-P1P2|AP2B1_-_33914544.23-P1P2++AP2B1_-_33914780.23-P1P2|AP2B1_-_33914544.23-P1P2,1
APOBEC3H_-_39493307.23-P1P2|APOBEC3H_+_39493488.23-P1P2++APOBEC3H_-_39493307.23-P1P2|APOBEC3H_+_39493488.23-P1P2,2
APOB_-_21266915.23-P1P2|APOB_-_21266941.23-P1P2++APOB_-_21266915.23-P1P2|APOB_-_21266941.23-P1P2,3
APPL2_+_105629891.23-P1P2|APPL2_-_105629866.23-P1P2++APPL2_+_105629891.23-P1P2|APPL2_-_105629866.23-P1P2,7
AQP4_+_24445664.23-P1P2|AQP4_+_24445620.23-P1P2++AQP4_+_24445664.23-P1P2|AQP4_+_24445620.23-P1P2,2
ARFRP1_-_62338974.23-P1P2|ARFRP1_+_62339198.23-P1P2++ARFRP1_-_62338974.23-P1P2|ARFRP1_+_62339198.23-P1P2,2
ARGLU1_+_107220466.23-P1P2|ARGLU1_-_107220477.23-P1P2++ARGLU1_+_107220466.23-P1P2|ARGLU1_-_107220477.23-P1P2,3
ARHGAP10_-_148653268.23-P1P2|ARHGAP10_+_148653282.23-P1P2++ARHGAP10_-_148653268.23-P1P2|ARHGAP10_+_148653282.23-P1P2,4
ARHGAP25_-_68962176.23-P1P2|ARHGAP25_+_68962004.23-P1P2++ARHGAP25_-_68962176.23-P1P2|ARHGAP25_+_68962004.23-P1P2,3
ARHGAP39_+_145911186.23-P1P2|ARHGAP39_+_145911217.23-P1P2++ARHGAP39_+_145911186.23-P1P2|ARHGAP39_+_145911217.23-P1P2,6
ARHGEF16_-_3371005.23-P1P2|ARHGEF16_+_3371660.23-P1P2++ARHGEF16_-_3371005.23-P1P2|ARHGEF16_+_3371660.23-P1P2,1
ARID4B_+_235491249.23-P1P2|ARID4B_-_235491474.23-P1P2++ARID4B_+_235491249.23-P1P2|ARID4B_-_235491474.23-P1P2,1
ARL3_+_104474107.23-P1P2|ARL3_-_104474089.23-P1P2++ARL3_+_104474107.23-P1P2|ARL3_-_104474089.23-P1P2,2
ARL6IP4_-_123465296.23-P1P2|ARL6IP4_+_123465234.23-P1P2++ARL6IP4_-_123465296.23-P1P2|ARL6IP4_+_123465234.23-P1P2,1
ARL6IP6_-_153574693.23-P1P2|ARL6IP6_-_153574615.23-P1P2++ARL6IP6_-_153574693.23-P1P2|ARL6IP6_-_153574615.23-P1P2,1
ARL8B_+_5164015.23-P1P2|ARL8B_+_5164028.23-P1P2++ARL8B_+_5164015.23-P1P2|ARL8B_+_5164028.23-P1P2,5
ARPC5_+_183604818.23-P1P2|ARPC5_-_183604444.23-P1P2++ARPC5_+_183604818.23-P1P2|ARPC5_-_183604444.23-P1P2,2
ASCL5_+_201096314.23-P1P2|ASCL5_+_201096304.23-P1P2++ASCL5_+_201096314.23-P1P2|ASCL5_+_201096304.23-P1P2,2
ASNSD1_-_190526200.23-P1P2|ASNSD1_-_190526273.23-P1P2++ASNSD1_-_190526200.23-P1P2|ASNSD1_-_190526273.23-P1P2,3
ATF2_+_176032892.23-P1P2|ATF2_+_176032497.23-P1P2++ATF2_+_176032892.23-P1P2|ATF2_+_176032497.23-P1P2,1
ATHL1_-_289141.23-P1P2|ATHL1_+_289204.23-P1P2++ATHL1_-_289141.23-P1P2|ATHL1_+_289204.23-P1P2,2
ATOH8_-_85981251.23-P1P2|ATOH8_-_85981376.23-P1P2++TRIM34_+_5618052.23-P2|TRIM34_-_5617976.23-P2,5
ATP10A_+_26108493.23-P1P2|ATP10A_+_26108418.23-P1P2++ATP10A_+_26108493.23-P1P2|ATP10A_+_26108418.23-P1P2,1
ATP13A3_-_194207571.23-P1P2|ATP13A3_-_194207695.23-P1P2++ATP13A3_-_194207571.23-P1P2|ATP13A3_-_194207695.23-P1P2,2
ATP1A1_-_116915944.23-P1P2|ATP1A1_-_116915929.23-P1P2++ATP1A1_-_116915944.23-P1P2|ATP1A1_-_116915929.23-P1P2,2
ATP6V1D_+_67826485.23-P1P2|ATP6V1D_+_67826497.23-P1P2++ATP6V1D_+_67826485.23-P1P2|ATP6V1D_+_67826497.23-P1P2,2
ATXN7L3B_-_74931677.23-P1P2|ATXN7L3B_-_74931599.23-P1P2++ATXN7L3B_-_74931677.23-P1P2|ATXN7L3B_-_74931599.23-P1P2,3
AVEN_-_34331175.23-P1P2|AVEN_+_34331211.23-P1P2++AVEN_-_34331175.23-P1P2|AVEN_+_34331211.23-P1P2,2
AZIN1_+_103876368.23-P1P2|AZIN1_-_103876164.23-P1P2++AZIN1_+_103876368.23-P1P2|AZIN1_-_103876164.23-P1P2,1
BACE2_+_42540135.23-P1P2|BACE2_+_42540283.23-P1P2++BACE2_+_42540135.23-P1P2|BACE2_+_42540283.23-P1P2,5
BBC3_-_47734192.23-P1P2|BBC3_+_47734372.23-P1P2++BBC3_-_47734192.23-P1P2|BBC3_+_47734372.23-P1P2,2
BBS9_+_33169223.23-P1P2|BBS9_+_33169228.23-P1P2++BBS9_+_33169223.23-P1P2|BBS9_+_33169228.23-P1P2,2
BCAP31_+_152989795.23-P1P2|BCAP31_+_152989855.23-P1P2++STRADB_+_202316477.23-P1P2|STRADB_-_202316674.23-P1P2,2
BCL3_+_45251993.23-P1P2|BCL3_+_45252011.23-P1P2++BCL3_+_45251993.23-P1P2|BCL3_+_45252011.23-P1P2,2
BCL9L_+_118796587.23-P1P2|BCL9L_-_118796614.23-P1P2++BCL9L_+_118796587.23-P1P2|BCL9L_-_118796614.23-P1P2,2
BFSP2_-_133118951.23-P1P2|BFSP2_+_133118957.23-P1P2++BFSP2_-_133118951.23-P1P2|BFSP2_+_133118957.23-P1P2,3
BNIP3L_+_26240653.23-P1P2|BNIP3L_+_26240657.23-P1P2++BNIP3L_+_26240653.23-P1P2|BNIP3L_+_26240657.23-P1P2,2
BPI_+_36932649.23-P1P2|BPI_+_36932636.23-P1P2++BPI_+_36932649.23-P1P2|BPI_+_36932636.23-P1P2,3
BRE_-_28113815.23-P1P2|BRE_+_28113682.23-P1P2++BRE_-_28113815.23-P1P2|BRE_+_28113682.23-P1P2,5
BRINP3_-_190446688.23-P1|BRINP3_-_190446885.23-P1++BRINP3_-_190446688.23-P1|BRINP3_-_190446885.23-P1,1
BRPF3_+_36165108.23-P1P2|BRPF3_+_36164499.23-P1P2++BRPF3_+_36165108.23-P1P2|BRPF3_+_36164499.23-P1P2,5
BUD13_-_116643492.23-P1P2|BUD13_+_116643652.23-P1P2++BUD13_-_116643492.23-P1P2|BUD13_+_116643652.23-P1P2,1
BZW1_+_201676657.23-P1P2|BZW1_-_201676648.23-P1P2++BZW1_+_201676657.23-P1P2|BZW1_-_201676648.23-P1P2,3
C11orf44_-_130542921.23-ENST00000317019.2|C11orf44_+_130542913.23-ENST00000317019.2++C11orf44_-_130542921.23-ENST00000317019.2|C11orf44_+_130542913.23-ENST00000317019.2,3
C11orf57_-_111945087.23-P1P2|C11orf57_+_111945314.23-P1P2++C11orf57_-_111945087.23-P1P2|C11orf57_+_111945314.23-P1P2,2
C15orf52_-_40633074.23-P1|C15orf52_-_40633111.23-P1++C15orf52_-_40633074.23-P1|C15orf52_-_40633111.23-P1,4
C16orf11_+_610458.23-P1P2|C16orf11_+_610610.23-P1P2++C16orf11_+_610458.23-P1P2|C16orf11_+_610610.23-P1P2,7
C16orf62_+_19567216.23-P1P2|C16orf62_-_19567090.23-P1P2++C16orf62_+_19567216.23-P1P2|C16orf62_-_19567090.23-P1P2,1
C17orf62_+_80408570.23-P1P2|C17orf62_-_80408542.23-P1P2++C17orf62_+_80408570.23-P1P2|C17orf62_-_80408542.23-P1P2,1
C1QA_-_22963175.23-P1P2|C1QA_-_22963188.23-P1P2++C1QA_-_22963175.23-P1P2|C1QA_-_22963188.23-P1P2,1
C1orf134_-_16555885.23-ENST00000375605.2|C1orf134_-_16556022.23-ENST00000375605.2++C1orf134_-_16555885.23-ENST00000375605.2|C1orf134_-_16556022.23-ENST00000375605.2,1
C1orf198_-_231004382.23-P1|C1orf198_+_231004198.23-P1++C1orf198_-_231004382.23-P1|C1orf198_+_231004198.23-P1,3
C20orf196_-_5731074.23-P1P2|C20orf196_-_5731086.23-P1P2++MRC2_+_60705091.23-P1P2|MRC2_-_60705073.23-P1P2,1
C2CD4D_-_151811235.23-P1P2|C2CD4D_-_151811079.23-P1P2++C2CD4D_-_151811235.23-P1P2|C2CD4D_-_151811079.23-P1P2,1
C2orf49_-_105954047.23-P1P2|C2orf49_-_105954050.23-P1P2++C2orf49_-_105954047.23-P1P2|C2orf49_-_105954050.23-P1P2,2
C2orf76_+_120124359.23-P1P2|C2orf76_+_120124344.23-P1P2++C2orf76_+_120124359.23-P1P2|C2orf76_+_120124344.23-P1P2,2
C5orf51_+_41904531.23-P1P2|C5orf51_-_41904493.23-P1P2++C5orf51_+_41904531.23-P1P2|C5orf51_-_41904493.23-P1P2,4
C5orf54_-_159826990.23-P1P2|C5orf54_-_159827064.23-P1P2++C5orf54_-_159826990.23-P1P2|C5orf54_-_159827064.23-P1P2,2
"C7orf50_+_1177904.23-ENST00000357429.6,ENST00000397098.3,ENST00000397100.2|C7orf50_+_1177839.23-ENST00000357429.6,ENST00000397098.3,ENST00000397100.2++C7orf50_+_1177904.23-ENST00000357429.6,ENST00000397098.3,ENST00000397100.2|C7orf50_+_1177839.23-ENST00000357429.6,ENST00000397098.3,ENST00000397100.2",1
C7orf66_-_108524351.23-ENST00000379007.2|C7orf66_-_108524570.23-ENST00000379007.2++C7orf66_-_108524351.23-ENST00000379007.2|C7orf66_-_108524570.23-ENST00000379007.2,3
C8orf33_-_146277895.23-P1P2|C8orf33_-_146277883.23-P1P2++C8orf33_-_146277895.23-P1P2|C8orf33_-_146277883.23-P1P2,4
C8orf47_+_99076832.23-P1P2|C8orf47_+_99076848.23-P1P2++C8orf47_+_99076832.23-P1P2|C8orf47_+_99076848.23-P1P2,1
C8orf82_+_145754432.23-P1P2|C8orf82_+_145754294.23-P1P2++C8orf82_+_145754432.23-P1P2|C8orf82_+_145754294.23-P1P2,1
C9orf106_-_132083306.23-P1P2|C9orf106_-_132083296.23-P1P2++C9orf106_-_132083306.23-P1P2|C9orf106_-_132083296.23-P1P2,2
C9orf114_+_131592013.23-P1P2|C9orf114_+_131592052.23-P1P2++C9orf114_+_131592013.23-P1P2|C9orf114_+_131592052.23-P1P2,1
C9orf129_-_96108531.23-P1P2|C9orf129_-_96108545.23-P1P2++C9orf129_-_96108531.23-P1P2|C9orf129_-_96108545.23-P1P2,2
CABP5_+_48547253.23-P1P2|CABP5_+_48547309.23-P1P2++CABP5_+_48547253.23-P1P2|CABP5_+_48547309.23-P1P2,2
CACNA1D_+_53528698.23-P1P2|CACNA1D_-_53528740.23-P1P2++CACNA1D_+_53528698.23-P1P2|CACNA1D_-_53528740.23-P1P2,2
CAMKK1_-_3796331.23-P1P2|CAMKK1_+_3796314.23-P1P2++CAMKK1_-_3796331.23-P1P2|CAMKK1_+_3796314.23-P1P2,2
CAMTA1_-_6845583.23-P1P2|CAMTA1_-_6845708.23-P1P2++CAMTA1_-_6845583.23-P1P2|CAMTA1_-_6845708.23-P1P2,2
CARD8_-_48753030.23-P1|CARD8_+_48752862.23-P1++CARD8_-_48753030.23-P1|CARD8_+_48752862.23-P1,4
CASK_-_41782698.23-P1P2|CASK_-_41782661.23-P1P2++CASK_-_41782698.23-P1P2|CASK_-_41782661.23-P1P2,1
CASP6_-_110624530.23-P1P2|CASP6_-_110624289.23-P1P2++CASP6_-_110624530.23-P1P2|CASP6_-_110624289.23-P1P2,5
CASS4_-_54987564.23-P1P2|CASS4_+_54987544.23-P1P2++CASS4_-_54987564.23-P1P2|CASS4_+_54987544.23-P1P2,4
CBX3_-_26241397.23-P1P2|CBX3_+_26241360.23-P1P2++CBX3_-_26241397.23-P1P2|CBX3_+_26241360.23-P1P2,1
CBX8_+_77770815.23-P1P2|CBX8_-_77770821.23-P1P2++CBX8_+_77770815.23-P1P2|CBX8_-_77770821.23-P1P2,1
CCBE1_-_57364578.23-P1P2|CCBE1_+_57364613.23-P1P2++CCBE1_-_57364578.23-P1P2|CCBE1_+_57364613.23-P1P2,2
CCDC108_-_219906189.23-P1P2|CCDC108_+_219906230.23-P1P2++CCDC108_-_219906189.23-P1P2|CCDC108_+_219906230.23-P1P2,1
CCDC113_-_58283882.23-P1P2|CCDC113_-_58283895.23-P1P2++CCDC113_-_58283882.23-P1P2|CCDC113_-_58283895.23-P1P2,2
CCDC138_-_109403307.23-P1P2|CCDC138_+_109403247.23-P1P2++CCDC138_-_109403307.23-P1P2|CCDC138_+_109403247.23-P1P2,4
CCDC140_-_223167624.23-P1P2|CCDC140_+_223167615.23-P1P2++CCDC140_-_223167624.23-P1P2|CCDC140_+_223167615.23-P1P2,1
CCDC33_-_74509609.23-P1|CCDC33_+_74509610.23-P1++CCDC33_-_74509609.23-P1|CCDC33_+_74509610.23-P1,2
CCDC3_+_13043685.23-P1P2|CCDC3_-_13043238.23-P1P2++CCDC3_+_13043685.23-P1P2|CCDC3_-_13043238.23-P1P2,1
CCDC59_+_82752125.23-P1P2|CCDC59_+_82752145.23-P1P2++CCDC59_+_82752125.23-P1P2|CCDC59_+_82752145.23-P1P2,3
CCL13_+_32683526.23-P1P2|CCL13_+_32683617.23-P1P2++CCL13_+_32683526.23-P1P2|CCL13_+_32683617.23-P1P2,1
CCT3_+_156308067.23-P1P2|CCT3_-_156307863.23-P1P2++CCT3_+_156308067.23-P1P2|CCT3_-_156307863.23-P1P2,3
CD1E_-_158323706.23-P1P2|CD1E_-_158323701.23-P1P2++CD1E_-_158323706.23-P1P2|CD1E_-_158323701.23-P1P2,1
CD34_-_208084475.23-P1P2|CD34_+_208084249.23-P1P2++CD34_-_208084475.23-P1P2|CD34_+_208084249.23-P1P2,2
CD46_+_207925463.23-P1P2|CD46_-_207925473.23-P1P2++CD46_+_207925463.23-P1P2|CD46_-_207925473.23-P1P2,4
CD8A_-_87017995.23-P1P2|CD8A_-_87017962.23-P1P2++CD8A_-_87017995.23-P1P2|CD8A_-_87017962.23-P1P2,7
CDC27_+_45266576.23-P1P2|CDC27_+_45266436.23-P1P2++CDC27_+_45266576.23-P1P2|CDC27_+_45266436.23-P1P2,3
CDCP1_+_45187866.23-P1P2|CDCP1_-_45187817.23-P1P2++CDCP1_+_45187866.23-P1P2|CDCP1_-_45187817.23-P1P2,3
CDH12_-_22853485.23-P1P2|CDH12_+_22853436.23-P1P2++CDH12_-_22853485.23-P1P2|CDH12_+_22853436.23-P1P2,1
CDH22_-_44936726.23-P1P2|CDH22_-_44936656.23-P1P2++CDH22_-_44936726.23-P1P2|CDH22_-_44936656.23-P1P2,8
CDH7_+_63418039.23-P1P2|CDH7_+_63418242.23-P1P2++CDH7_+_63418039.23-P1P2|CDH7_+_63418242.23-P1P2,1
CDK5R2_-_219824623.23-P1P2|CDK5R2_+_219824399.23-P1P2++CDK5R2_-_219824623.23-P1P2|CDK5R2_+_219824399.23-P1P2,1
CECR6_-_17602171.23-P1P2|CECR6_+_17602174.23-P1P2++CECR6_-_17602171.23-P1P2|CECR6_+_17602174.23-P1P2,3
CEP70_+_138313038.23-P1P2|CEP70_+_138313031.23-P1P2++CEP70_+_138313038.23-P1P2|CEP70_+_138313031.23-P1P2,1
CEP85L_-_118972703.23-P1P2|CEP85L_-_118972539.23-P1P2++CEP85L_-_118972703.23-P1P2|CEP85L_-_118972539.23-P1P2,2
CEP97_+_101443780.23-P1P2|CEP97_-_101443523.23-P1P2++CEP97_+_101443780.23-P1P2|CEP97_-_101443523.23-P1P2,1
CERCAM_-_131183129.23-P1P2|CERCAM_+_131183139.23-P1P2++CERCAM_-_131183129.23-P1P2|CERCAM_+_131183139.23-P1P2,1
CERKL_-_182545320.23-P2|CERKL_+_182545306.23-P2++AMZ2_-_66244231.23-P1P2|AMZ2_-_66244242.23-P1P2,1
CERKL_-_182545320.23-P2|CERKL_+_182545306.23-P2++CERKL_-_182545320.23-P2|CERKL_+_182545306.23-P2,3
CERS6_-_169312784.23-P1P2|CERS6_-_169312772.23-P1P2++CERS6_-_169312784.23-P1P2|CERS6_-_169312772.23-P1P2,5
CFLAR_-_201980968.23-P1|CFLAR_+_201981338.23-P1++CFLAR_-_201980968.23-P1|CFLAR_+_201981338.23-P1,6
CFTR_-_117120156.23-P1P2|CFTR_+_117120108.23-P1P2++CFTR_-_117120156.23-P1P2|CFTR_+_117120108.23-P1P2,3
CH25H_-_90966985.23-P1P2|CH25H_-_90967024.23-P1P2++CH25H_-_90966985.23-P1P2|CH25H_-_90967024.23-P1P2,2
CHGB_-_5892174.23-P1P2|CHGB_+_5892210.23-P1P2++CHGB_-_5892174.23-P1P2|CHGB_+_5892210.23-P1P2,4
CHKB_+_51020783.23-P1P2|CHKB_-_51020899.23-P1P2++CHKB_+_51020783.23-P1P2|CHKB_-_51020899.23-P1P2,2
CHRNA4_+_61992566.23-P1P2|CHRNA4_-_61992667.23-P1P2++CHRNA4_+_61992566.23-P1P2|CHRNA4_-_61992667.23-P1P2,1
CHST15_-_125853073.23-P2|CHST15_+_125853046.23-P2++CHST15_-_125853073.23-P2|CHST15_+_125853046.23-P2,1
CHTOP_-_153606538.23-P1P2|CHTOP_-_153606547.23-P1P2++CHTOP_-_153606538.23-P1P2|CHTOP_-_153606547.23-P1P2,2
CIB2_-_78423718.23-P1P2|CIB2_-_78423715.23-P1P2++CIB2_-_78423718.23-P1P2|CIB2_-_78423715.23-P1P2,6
CLASRP_-_45542349.23-P1P2|CLASRP_-_45542376.23-P1P2++CLASRP_-_45542349.23-P1P2|CLASRP_-_45542376.23-P1P2,4
CLC_+_40228670.23-P1P2|CLC_+_40228273.23-P1P2++CLC_+_40228670.23-P1P2|CLC_+_40228273.23-P1P2,1
CLEC11A_-_51226674.23-P1P2|CLEC11A_-_51226694.23-P1P2++CLEC11A_-_51226674.23-P1P2|CLEC11A_-_51226694.23-P1P2,1
CLOCK_-_56412950.23-P1P2|CLOCK_-_56412965.23-P1P2++CLOCK_-_56412950.23-P1P2|CLOCK_-_56412965.23-P1P2,1
CLU_+_27469201.23-P2|CLU_-_27469209.23-P2++CLU_+_27469201.23-P2|CLU_-_27469209.23-P2,1
CLU_-_27472180.23-P1|CLU_-_27472161.23-P1++CLU_-_27472180.23-P1|CLU_-_27472161.23-P1,3
CMC2_-_81040415.23-P1P2|CMC2_-_81040043.23-P1P2++CMC2_-_81040415.23-P1P2|CMC2_-_81040043.23-P1P2,5
CMPK2_+_7005809.23-P1P2|CMPK2_-_7005796.23-P1P2++CMPK2_+_7005809.23-P1P2|CMPK2_-_7005796.23-P1P2,2
CNTRL_+_123837287.23-P1P2|CNTRL_+_123837298.23-P1P2++CNTRL_+_123837287.23-P1P2|CNTRL_+_123837298.23-P1P2,4
COL15A1_+_101706204.23-P1P2|COL15A1_+_101706183.23-P1P2++COL15A1_+_101706204.23-P1P2|COL15A1_+_101706183.23-P1P2,1
CPNE6_+_24540974.23-P1P2|CPNE6_+_24540834.23-P1P2++CPNE6_+_24540974.23-P1P2|CPNE6_+_24540834.23-P1P2,1
CPSF6_+_69633592.23-P1P2|CPSF6_+_69633482.23-P1P2++CPSF6_+_69633592.23-P1P2|CPSF6_+_69633482.23-P1P2,2
CRAMP1L_+_1664225.23-P2|CRAMP1L_+_1664217.23-P2++CRAMP1L_+_1664225.23-P2|CRAMP1L_+_1664217.23-P2,6
CREBRF_-_172483425.23-P1|CREBRF_-_172483410.23-P1++CREBRF_-_172483425.23-P1|CREBRF_-_172483410.23-P1,3
CREG2_-_102003686.23-P1P2|CREG2_-_102003994.23-P1P2++CREG2_-_102003686.23-P1P2|CREG2_-_102003994.23-P1P2,4
CRYBA4_-_27017966.23-P1P2|CRYBA4_-_27017961.23-P1P2++CRYBA4_-_27017966.23-P1P2|CRYBA4_-_27017961.23-P1P2,5
CSF1R_-_149465864.23-P1P2|CSF1R_+_149466064.23-P1P2++CSF1R_-_149465864.23-P1P2|CSF1R_+_149466064.23-P1P2,2
CSMD3_+_114449097.23-P1P2|CSMD3_+_114449116.23-P1P2++CSMD3_+_114449097.23-P1P2|CSMD3_+_114449116.23-P1P2,1
CSNK2A3_-_11374357.23-P1P2|CSNK2A3_-_11374790.23-P1P2++CSNK2A3_-_11374357.23-P1P2|CSNK2A3_-_11374790.23-P1P2,1
CTC1_-_8151336.23-P1P2|CTC1_-_8151322.23-P1P2++CTC1_-_8151336.23-P1P2|CTC1_-_8151322.23-P1P2,3
CTSH_-_79237366.23-P1P2|CTSH_+_79237358.23-P1P2++CTSH_-_79237366.23-P1P2|CTSH_+_79237358.23-P1P2,1
CWC25_+_36981555.23-P1P2|CWC25_+_36981567.23-P1P2++CWC25_+_36981555.23-P1P2|CWC25_+_36981567.23-P1P2,1
CXorf38_+_40506776.23-P1P2|CXorf38_+_40506750.23-P1P2++CXorf38_+_40506776.23-P1P2|CXorf38_+_40506750.23-P1P2,2
CYP3A7_+_99332741.23-P1P2|CYP3A7_-_99332662.23-P1P2++CYP3A7_+_99332741.23-P1P2|CYP3A7_-_99332662.23-P1P2,1
DACT1_-_59104723.23-P1P2|DACT1_-_59104727.23-P1P2++DACT1_-_59104723.23-P1P2|DACT1_-_59104727.23-P1P2,1
DAK_+_61100806.23-P1P2|DAK_-_61100719.23-P1P2++DAK_+_61100806.23-P1P2|DAK_-_61100719.23-P1P2,1
DBNL_-_44084356.23-P1P2|DBNL_-_44084361.23-P1P2++DBNL_-_44084356.23-P1P2|DBNL_-_44084361.23-P1P2,8
DDRGK1_+_3185269.23-P1P2|DDRGK1_-_3185280.23-P1P2++DDRGK1_+_3185269.23-P1P2|DDRGK1_-_3185280.23-P1P2,1
DDX21_-_70715959.23-P1P2|DDX21_-_70715913.23-P1P2++DDX21_-_70715959.23-P1P2|DDX21_-_70715913.23-P1P2,1
DDX5_-_62502405.23-P1P2|DDX5_+_62502182.23-P1P2++DDX5_-_62502405.23-P1P2|DDX5_+_62502182.23-P1P2,1
DEFB131_-_9446608.23-P1P2|DEFB131_+_9446594.23-P1P2++DEFB131_-_9446608.23-P1P2|DEFB131_+_9446594.23-P1P2,1
DENND4B_+_153919173.23-P2|DENND4B_+_153919118.23-P2++DENND4B_+_153919173.23-P2|DENND4B_+_153919118.23-P2,3
DESI2_+_244816421.23-P1P2|DESI2_-_244816441.23-P1P2++DESI2_+_244816421.23-P1P2|DESI2_-_244816441.23-P1P2,2
DHDH_-_49436953.23-P1P2|DHDH_-_49436962.23-P1P2++DHDH_-_49436953.23-P1P2|DHDH_-_49436962.23-P1P2,1
DHX30_-_47866553.23-P1|DHX30_+_47866560.23-P1++DHX30_-_47866553.23-P1|DHX30_+_47866560.23-P1,1
DIABLO_+_122710557.23-P1P2|DIABLO_-_122710340.23-P1P2++DIABLO_+_122710557.23-P1P2|DIABLO_-_122710340.23-P1P2,1
DKK2_-_107957423.23-P1P2|DKK2_-_107957418.23-P1P2++DKK2_-_107957423.23-P1P2|DKK2_-_107957418.23-P1P2,2
DMPK_+_46285701.23-P1P2|DMPK_-_46285672.23-P1P2++DMPK_+_46285701.23-P1P2|DMPK_-_46285672.23-P1P2,1
DMRTA1_-_22447537.23-P1P2|DMRTA1_-_22447472.23-P1P2++DMRTA1_-_22447537.23-P1P2|DMRTA1_-_22447472.23-P1P2,2
DNAH8_-_38683122.23-P2|DNAH8_+_38683114.23-P2++DNAH8_-_38683122.23-P2|DNAH8_+_38683114.23-P2,1
DNAJC14_+_56223293.23-P1P2|DNAJC14_-_56223284.23-P1P2++DNAJC14_+_56223293.23-P1P2|DNAJC14_-_56223284.23-P1P2,1
DNAJC5_+_62526524.23-P1P2|DNAJC5_+_62526709.23-P1P2++DNAJC5_+_62526524.23-P1P2|DNAJC5_+_62526709.23-P1P2,1
DNM1_-_130965664.23-P1P2|DNM1_+_130965698.23-P1P2++DNM1_-_130965664.23-P1P2|DNM1_+_130965698.23-P1P2,2
DOC2B_+_31394.23-P1P2|DOC2B_+_31383.23-P1P2++NUP214_-_134001051.23-P1P2|NUP214_-_134001039.23-P1P2,1
DOCK4_+_111846408.23-P1P2|DOCK4_+_111846405.23-P1P2++DOCK4_+_111846408.23-P1P2|DOCK4_+_111846405.23-P1P2,2
DOK7_-_3465246.23-P1P2|DOK7_-_3465114.23-P1P2++DOK7_-_3465246.23-P1P2|DOK7_-_3465114.23-P1P2,1
DPEP1_-_89680046.23-P2|DPEP1_+_89680572.23-P2++DPEP1_-_89680046.23-P2|DPEP1_+_89680572.23-P2,4
DPP8_-_65809983.23-P1P2|DPP8_-_65809958.23-P1P2++DPP8_-_65809983.23-P1P2|DPP8_-_65809958.23-P1P2,3
DPP9_-_4723794.23-P1|DPP9_-_4723791.23-P1++DPP9_-_4723794.23-P1|DPP9_-_4723791.23-P1,1
DSC1_-_28742600.23-P1P2|DSC1_-_28742637.23-P1P2++DSC1_-_28742600.23-P1P2|DSC1_-_28742637.23-P1P2,1
"DST_-_56708099.23-ENST00000361203.3,ENST00000370769.4|DST_-_56707881.23-ENST00000361203.3,ENST00000370769.4++DST_-_56708099.23-ENST00000361203.3,ENST00000370769.4|DST_-_56707881.23-ENST00000361203.3,ENST00000370769.4",1
DUOXA1_+_45422040.23-P1P2|DUOXA1_-_45421882.23-P1P2++DUOXA1_+_45422040.23-P1P2|DUOXA1_-_45421882.23-P1P2,2
DUS2_-_68057581.23-P1P2|DUS2_-_68057385.23-P1P2++IQUB_+_123174606.23-P1P2|IQUB_+_123174615.23-P1P2,1
DYNLRB1_-_33104256.23-P1|DYNLRB1_-_33104419.23-P1++DYNLRB1_-_33104256.23-P1|DYNLRB1_-_33104419.23-P1,9
ECEL1_+_233351222.23-P1P2|ECEL1_+_233351211.23-P1P2++ECEL1_+_233351222.23-P1P2|ECEL1_+_233351211.23-P1P2,2
EFTUD2_+_42976772.23-P1P2|EFTUD2_+_42976714.23-P1P2++EFTUD2_+_42976772.23-P1P2|EFTUD2_+_42976714.23-P1P2,2
EHD3_+_31457065.23-P1P2|EHD3_+_31457073.23-P1P2++EHD3_+_31457065.23-P1P2|EHD3_+_31457073.23-P1P2,6
EIF2AK4_+_40226372.23-P1P2|EIF2AK4_-_40226368.23-P1P2++EIF2AK4_+_40226372.23-P1P2|EIF2AK4_-_40226368.23-P1P2,2
EIF2B5_-_183853234.23-P1P2|EIF2B5_+_183853180.23-P1P2++EIF2B5_-_183853234.23-P1P2|EIF2B5_+_183853180.23-P1P2,6
ELL2_-_95297020.23-P1P2|ELL2_+_95297223.23-P1P2++ELL2_-_95297020.23-P1P2|ELL2_+_95297223.23-P1P2,3
ELMO1_-_37488469.23-P1P2|ELMO1_+_37488419.23-P1P2++ELMO1_-_37488469.23-P1P2|ELMO1_+_37488419.23-P1P2,2
ELMOD1_+_107461994.23-P1P2|ELMOD1_-_107461980.23-P1P2++ELMOD1_+_107461994.23-P1P2|ELMOD1_-_107461980.23-P1P2,1
EMC8_+_85833106.23-P1P2|EMC8_+_85833051.23-P1P2++EMC8_+_85833106.23-P1P2|EMC8_+_85833051.23-P1P2,6
EPHA8_+_22890006.23-P1P2|EPHA8_+_22889995.23-P1P2++EPHA8_+_22890006.23-P1P2|EPHA8_+_22889995.23-P1P2,1
EPOR_+_11491868.23-P1|EPOR_+_11491872.23-P1++EPOR_+_11491868.23-P1|EPOR_+_11491872.23-P1,2
EPS8L2_-_706235.23-P1P2|EPS8L2_-_706244.23-P1P2++EPS8L2_-_706235.23-P1P2|EPS8L2_-_706244.23-P1P2,4
EQTN_+_27297101.23-P1P2|EQTN_+_27297074.23-P1P2++EQTN_+_27297101.23-P1P2|EQTN_+_27297074.23-P1P2,3
ERCC4_-_14025890.23-P2|ERCC4_-_14025902.23-P2++ERCC4_-_14025890.23-P2|ERCC4_-_14025902.23-P2,1
ERI3_-_44820894.23-P1P2|ERI3_+_44820922.23-P1P2++ERI3_-_44820894.23-P1P2|ERI3_+_44820922.23-P1P2,3
ESCO1_-_19180570.23-P1P2|ESCO1_+_19180562.23-P1P2++ESCO1_-_19180570.23-P1P2|ESCO1_+_19180562.23-P1P2,3
ETFB_-_51869604.23-P1|ETFB_+_51869593.23-P1++ETFB_-_51869604.23-P1|ETFB_+_51869593.23-P1,3
EXD3_+_140317627.23-P1P2|EXD3_-_140317615.23-P1P2++EXD3_+_140317627.23-P1P2|EXD3_-_140317615.23-P1P2,1
EXOSC2_-_133569408.23-P1P2|EXOSC2_+_133569139.23-P1P2++EXOSC2_-_133569408.23-P1P2|EXOSC2_+_133569139.23-P1P2,1
F2_+_46740834.23-P1P2|F2_-_46740801.23-P1P2++F2_+_46740834.23-P1P2|F2_-_46740801.23-P1P2,3
FAHD1_+_1877254.23-P1P2|FAHD1_-_1877222.23-P1P2++FAHD1_+_1877254.23-P1P2|FAHD1_-_1877222.23-P1P2,1
FAM105B_-_14664842.23-P1P2|FAM105B_+_14664857.23-P1P2++FAM105B_-_14664842.23-P1P2|FAM105B_+_14664857.23-P1P2,5
FAM110D_+_26485606.23-P1P2|FAM110D_+_26485564.23-P1P2++FAM110D_+_26485606.23-P1P2|FAM110D_+_26485564.23-P1P2,1
FAM149A_+_187066185.23-P1P2|FAM149A_-_187066266.23-P1P2++FAM149A_+_187066185.23-P1P2|FAM149A_-_187066266.23-P1P2,4
FAM153B_+_175488182.23-P1P2|FAM153B_+_175488176.23-P1P2++FAM153B_+_175488182.23-P1P2|FAM153B_+_175488176.23-P1P2,3
FAM163A_+_179712455.23-P1P2|FAM163A_+_179712469.23-P1P2++FAM163A_+_179712455.23-P1P2|FAM163A_+_179712469.23-P1P2,1
FAM184B_+_17783197.23-P1P2|FAM184B_-_17783183.23-P1P2++FAM184B_+_17783197.23-P1P2|FAM184B_-_17783183.23-P1P2,4
FAM196B_-_169407443.23-P1P2|FAM196B_-_169407429.23-P1P2++FAM196B_-_169407443.23-P1P2|FAM196B_-_169407429.23-P1P2,1
FAM65B_+_24911247.23-P2|FAM65B_-_24911087.23-P2++FAM65B_+_24911247.23-P2|FAM65B_-_24911087.23-P2,1
FAM78A_-_134151930.23-P1P2|FAM78A_-_134152337.23-P1P2++FAM78A_-_134151930.23-P1P2|FAM78A_-_134152337.23-P1P2,1
FAM83D_+_37555083.23-P1P2|FAM83D_+_37555122.23-P1P2++FAM83D_+_37555083.23-P1P2|FAM83D_+_37555122.23-P1P2,1
FAM89A_+_231175948.23-P1P2|FAM89A_+_231175983.23-P1P2++FAM89A_+_231175948.23-P1P2|FAM89A_+_231175983.23-P1P2,1
FANCG_-_35079525.23-P1P2|FANCG_-_35079943.23-P1P2++FANCG_-_35079525.23-P1P2|FANCG_-_35079943.23-P1P2,2
FAXDC2_-_154214500.23-P2|FAXDC2_+_154214530.23-P2++FAXDC2_-_154214500.23-P2|FAXDC2_+_154214530.23-P2,4
FBP1_+_97401758.23-P1P2|FBP1_+_97401761.23-P1P2++FBP1_+_97401758.23-P1P2|FBP1_+_97401761.23-P1P2,1
FBXL17_+_107717485.23-P1P2|FBXL17_-_107717412.23-P1P2++FBXL17_+_107717485.23-P1P2|FBXL17_-_107717412.23-P1P2,2
FBXO48_+_68694108.23-P1P2|FBXO48_+_68694419.23-P1P2++FBXO48_+_68694108.23-P1P2|FBXO48_+_68694419.23-P1P2,1
FCGBP_+_40440491.23-P1P2|FCGBP_-_40440517.23-P1P2++MAP2K2_-_4124092.23-P1P2|MAP2K2_+_4124064.23-P1P2,2
FCHSD2_+_72853267.23-P1P2|FCHSD2_+_72853301.23-P1P2++FCHSD2_+_72853267.23-P1P2|FCHSD2_+_72853301.23-P1P2,2
FGD4_+_32639394.23-P1P2|FGD4_+_32638980.23-P1P2++FGD4_+_32639394.23-P1P2|FGD4_+_32638980.23-P1P2,6
FGF22_+_639918.23-P1P2|FGF22_-_639915.23-P1P2++FGF22_+_639918.23-P1P2|FGF22_-_639915.23-P1P2,3
FGFR2_-_123357673.23-P1P2|FGFR2_-_123357892.23-P1P2++FGFR2_-_123357673.23-P1P2|FGFR2_-_123357892.23-P1P2,2
FIGLA_-_71017776.23-P1P2|FIGLA_+_71017783.23-P1P2++FIGLA_-_71017776.23-P1P2|FIGLA_+_71017783.23-P1P2,1
FKBP4_+_2904174.23-P1P2|FKBP4_+_2904557.23-P1P2++FKBP4_+_2904174.23-P1P2|FKBP4_+_2904557.23-P1P2,2
FKBP8_+_18654309.23-P1P2|FKBP8_-_18654380.23-P1P2++FKBP8_+_18654309.23-P1P2|FKBP8_-_18654380.23-P1P2,1
FMN1_+_33360193.23-ENST00000334528.9|FMN1_+_33360009.23-ENST00000334528.9++FMN1_+_33360193.23-ENST00000334528.9|FMN1_+_33360009.23-ENST00000334528.9,2
FMNL2_-_153191734.23-P1P2|FMNL2_+_153191719.23-P1P2++FMNL2_-_153191734.23-P1P2|FMNL2_+_153191719.23-P1P2,2
FN3KRP_-_80674676.23-P1P2|FN3KRP_-_80674695.23-P1P2++FN3KRP_-_80674676.23-P1P2|FN3KRP_-_80674695.23-P1P2,2
FNDC9_-_156772590.23-P1P2|FNDC9_+_156772581.23-P1P2++FNDC9_-_156772590.23-P1P2|FNDC9_+_156772581.23-P1P2,2
FOXN3_-_89883319.23-P2|FOXN3_-_89883517.23-P2++FOXN3_-_89883319.23-P2|FOXN3_-_89883517.23-P2,3
FOXP1_-_71294250.23-ENST00000498215.1|FOXP1_-_71294106.23-ENST00000498215.1++FOXP1_-_71294250.23-ENST00000498215.1|FOXP1_-_71294106.23-ENST00000498215.1,3
FOXP4_+_41514143.23-P1P2|FOXP4_-_41514365.23-P1P2++FOXP4_+_41514143.23-P1P2|FOXP4_-_41514365.23-P1P2,1
FUT8_+_65879536.23-P1P2|FUT8_+_65879731.23-P1P2++FUT8_+_65879536.23-P1P2|FUT8_+_65879731.23-P1P2,3
FZD2_-_42634875.23-P1P2|FZD2_+_42634904.23-P1P2++FZD2_-_42634875.23-P1P2|FZD2_+_42634904.23-P1P2,1
G2E3_-_31028342.23-P1P2|G2E3_+_31028312.23-P1P2++G2E3_-_31028342.23-P1P2|G2E3_+_31028312.23-P1P2,1
GABRA6_-_161112962.23-P1P2|GABRA6_+_161112773.23-P1P2++GABRA6_-_161112962.23-P1P2|GABRA6_+_161112773.23-P1P2,1
GABRP_+_170209722.23-P1P2|GABRP_-_170210741.23-P1P2++GABRP_+_170209722.23-P1P2|GABRP_-_170210741.23-P1P2,3
GALR1_+_74962040.23-P1P2|GALR1_-_74962045.23-P1P2++GALR1_+_74962040.23-P1P2|GALR1_-_74962045.23-P1P2,2
GBP4_+_89664368.23-P1P2|GBP4_-_89664553.23-P1P2++GBP4_+_89664368.23-P1P2|GBP4_-_89664553.23-P1P2,1
GBP7_-_89641622.23-P1P2|GBP7_+_89641602.23-P1P2++GBP7_-_89641622.23-P1P2|GBP7_+_89641602.23-P1P2,3
GDNF_+_37839981.23-P1P2|GDNF_+_37839996.23-P1P2++GDNF_+_37839981.23-P1P2|GDNF_+_37839996.23-P1P2,2
GEMIN4_-_655466.23-P1P2|GEMIN4_+_655371.23-P1P2++NR0B1_+_30327456.23-P1P2|NR0B1_+_30327451.23-P1P2,2
GEMIN7_-_45582556.23-P1P2|GEMIN7_-_45582583.23-P1P2++GEMIN7_-_45582556.23-P1P2|GEMIN7_-_45582583.23-P1P2,4
GET4_+_916235.23-P1P2|GET4_-_916288.23-P1P2++GET4_+_916235.23-P1P2|GET4_-_916288.23-P1P2,1
GFI1_-_92951575.23-P1|GFI1_-_92951583.23-P1++GFI1_-_92951575.23-P1|GFI1_-_92951583.23-P1,1
"GFRA4_-_3643982.23-ENST00000290417.2,ENST00000319242.3|GFRA4_-_3643782.23-ENST00000290417.2,ENST00000319242.3++GFRA4_-_3643982.23-ENST00000290417.2,ENST00000319242.3|GFRA4_-_3643782.23-ENST00000290417.2,ENST00000319242.3",3
GID8_+_61569497.23-P1P2|GID8_+_61569541.23-P1P2++GID8_+_61569497.23-P1P2|GID8_+_61569541.23-P1P2,1
GIMAP6_-_150329459.23-P1P2|GIMAP6_-_150329322.23-P1P2++GIMAP6_-_150329459.23-P1P2|GIMAP6_-_150329322.23-P1P2,1
GIPR_-_46171538.23-P1P2|GIPR_+_46171590.23-P1P2++GIPR_-_46171538.23-P1P2|GIPR_+_46171590.23-P1P2,3
GJA3_+_20735159.23-P1P2|GJA3_+_20735180.23-P1P2++GJA3_+_20735159.23-P1P2|GJA3_+_20735180.23-P1P2,2
GJA4_+_35258639.23-P1P2|GJA4_-_35258679.23-P1P2++GJA4_+_35258639.23-P1P2|GJA4_-_35258679.23-P1P2,1
GJA8_+_147374965.23-P1P2|GJA8_+_147374977.23-P1P2++GJA8_+_147374965.23-P1P2|GJA8_+_147374977.23-P1P2,1
GLB1L_+_220110087.23-P2|GLB1L_+_220110127.23-P2++GLB1L_+_220110087.23-P2|GLB1L_+_220110127.23-P2,6
GLG1_+_74640968.23-P1P2|GLG1_+_74640965.23-P1P2++GLG1_+_74640968.23-P1P2|GLG1_+_74640965.23-P1P2,1
GLRX2_+_193074552.23-P1P2|GLRX2_+_193074503.23-P1P2++GLRX2_+_193074552.23-P1P2|GLRX2_+_193074503.23-P1P2,1
GLT1D1_-_129338090.23-P1P2|GLT1D1_-_129338166.23-P1P2++GLT1D1_-_129338090.23-P1P2|GLT1D1_-_129338166.23-P1P2,1
GLTPD2_+_4692462.23-P1P2|GLTPD2_+_4692450.23-P1P2++GLTPD2_+_4692462.23-P1P2|GLTPD2_+_4692450.23-P1P2,3
GNAO1_+_56225337.23-P1P2|GNAO1_+_56225269.23-P1P2++GNAO1_+_56225337.23-P1P2|GNAO1_+_56225269.23-P1P2,1
GNAT3_-_80141321.23-P1P2|GNAT3_-_80141318.23-P1P2++GNAT3_-_80141321.23-P1P2|GNAT3_-_80141318.23-P1P2,3
GNE_-_36258191.23-P1P2|GNE_+_36257940.23-P1P2++GNE_-_36258191.23-P1P2|GNE_+_36257940.23-P1P2,1
GOLGA8A_-_34681498.23-ENST00000359187.4|GOLGA8A_+_34681480.23-ENST00000359187.4++GOLGA8A_-_34681498.23-ENST00000359187.4|GOLGA8A_+_34681480.23-ENST00000359187.4,3
GPR132_+_105531702.23-P1P2|GPR132_-_105531719.23-P1P2++GPR132_+_105531702.23-P1P2|GPR132_-_105531719.23-P1P2,1
GPR135_-_59932013.23-P1P2|GPR135_-_59932010.23-P1P2++GPR135_-_59932013.23-P1P2|GPR135_-_59932010.23-P1P2,5
GPR148_-_131486671.23-ENST00000309926.4|GPR148_+_131486973.23-ENST00000309926.4++GPR148_-_131486671.23-ENST00000309926.4|GPR148_+_131486973.23-ENST00000309926.4,1
GPR152_+_67220166.23-ENST00000312457.2|GPR152_-_67220184.23-ENST00000312457.2++GPR152_+_67220166.23-ENST00000312457.2|GPR152_-_67220184.23-ENST00000312457.2,7
GPR22_+_107110519.23-P1P2|GPR22_+_107110533.23-P1P2++GPR22_+_107110519.23-P1P2|GPR22_+_107110533.23-P1P2,3
GRK5_-_120967155.23-P1P2|GRK5_-_120967208.23-P1P2++GRK5_-_120967155.23-P1P2|GRK5_-_120967208.23-P1P2,1
GRP_+_56887422.23-P1P2|GRP_-_56887430.23-P1P2++GRP_+_56887422.23-P1P2|GRP_-_56887430.23-P1P2,1
GRXCR1_-_42895196.23-P1P2|GRXCR1_-_42895359.23-P1P2++COL13A1_-_71561703.23-P1P2|COL13A1_+_71561754.23-P1P2,1
GSKIP_-_96829954.23-P1P2|GSKIP_+_96829847.23-P1P2++GSKIP_-_96829954.23-P1P2|GSKIP_+_96829847.23-P1P2,2
GTSCR1_-_68318165.23-P1P2|GTSCR1_-_68318096.23-P1P2++GTSCR1_-_68318165.23-P1P2|GTSCR1_-_68318096.23-P1P2,1
GUCA1B_+_42162626.23-P1P2|GUCA1B_+_42162674.23-P1P2++GUCA1B_+_42162626.23-P1P2|GUCA1B_+_42162674.23-P1P2,2
HAAO_+_43019672.23-P1P2|HAAO_+_43019690.23-P1P2++HAAO_+_43019672.23-P1P2|HAAO_+_43019690.23-P1P2,1
HAVCR2_-_156536535.23-ENST00000307851.4|HAVCR2_+_156536563.23-ENST00000307851.4++HAVCR2_-_156536535.23-ENST00000307851.4|HAVCR2_+_156536563.23-ENST00000307851.4,2
HDLBP_-_242255047.23-P2|HDLBP_+_242254845.23-P2++HDLBP_-_242255047.23-P2|HDLBP_+_242254845.23-P2,1
HECTD2_-_93170093.23-P1P2|HECTD2_-_93170123.23-P1P2++HECTD2_-_93170093.23-P1P2|HECTD2_-_93170123.23-P1P2,4
HEMK1_-_50606946.23-P1P2|HEMK1_-_50606960.23-P1P2++HEMK1_-_50606946.23-P1P2|HEMK1_-_50606960.23-P1P2,5
HES2_-_6484682.23-P2|HES2_+_6484705.23-P2++HES2_-_6484682.23-P2|HES2_+_6484705.23-P2,1
HHATL_+_42744130.23-P1P2|HHATL_-_42744088.23-P1P2++HHATL_+_42744130.23-P1P2|HHATL_-_42744088.23-P1P2,2
HIC2_-_21771720.23-P1|HIC2_-_21771708.23-P1++HIC2_-_21771720.23-P1|HIC2_-_21771708.23-P1,2
HIST1H1T_+_26108142.23-P1P2|HIST1H1T_-_26108374.23-P1P2++HIST1H1T_+_26108142.23-P1P2|HIST1H1T_-_26108374.23-P1P2,2
HIST1H2AM_-_27860876.23-P1P2|HIST1H2AM_-_27860943.23-P1P2++HIST1H2AM_-_27860876.23-P1P2|HIST1H2AM_-_27860943.23-P1P2,1
HIST1H2BM_+_27782830.23-P1P2|HIST1H2BM_+_27782850.23-P1P2++HIST1H2BM_+_27782830.23-P1P2|HIST1H2BM_+_27782850.23-P1P2,2
HMBS_+_118958814.23-P2|HMBS_-_118958717.23-P2++HMBS_+_118958814.23-P2|HMBS_-_118958717.23-P2,1
HMGCR_+_74633092.23-P1P2|HMGCR_+_74633106.23-P1P2++HMGCR_+_74633092.23-P1P2|HMGCR_+_74633106.23-P1P2,1
HMOX2_-_4524797.23-P2|HMOX2_-_4524776.23-P2++HMOX2_-_4524797.23-P2|HMOX2_-_4524776.23-P2,3
HOXA13_-_27239672.23-P1P2|HOXA13_-_27239656.23-P1P2++HOXA13_-_27239672.23-P1P2|HOXA13_-_27239656.23-P1P2,3
HOXA7_+_27196242.23-P1P2|HOXA7_+_27196262.23-P1P2++HOXA7_+_27196242.23-P1P2|HOXA7_+_27196262.23-P1P2,3
HSD17B8_+_33172471.23-P1P2|HSD17B8_+_33172465.23-P1P2++HSD17B8_+_33172471.23-P1P2|HSD17B8_+_33172465.23-P1P2,3
HSDL1_+_84178704.23-P1P2|HSDL1_-_84178712.23-P1P2++PLEKHG5_-_6545291.23-P2|PLEKHG5_-_6545490.23-P2,1
HSPB1_+_75933108.23-P2|HSPB1_+_75933087.23-P2++HSPB1_+_75933108.23-P2|HSPB1_+_75933087.23-P2,1
HTR3E_+_183818391.23-P1P2|HTR3E_+_183818377.23-P1P2++HTR3E_+_183818391.23-P1P2|HTR3E_+_183818377.23-P1P2,5
HYI_-_43919663.23-P1P2|HYI_-_43919506.23-P1P2++HYI_-_43919663.23-P1P2|HYI_-_43919506.23-P1P2,2
IFI44L_+_79086180.23-P1P2|IFI44L_+_79086152.23-P1P2++IFI44L_+_79086180.23-P1P2|IFI44L_+_79086152.23-P1P2,1
IFNA16_-_21216950.23-ENST00000380216.1|IFNA16_-_21217077.23-ENST00000380216.1++IFNA16_-_21216950.23-ENST00000380216.1|IFNA16_-_21217077.23-ENST00000380216.1,1
IGSF8_-_160068375.23-P1P2|IGSF8_-_160068103.23-P1P2++IGSF8_-_160068375.23-P1P2|IGSF8_-_160068103.23-P1P2,1
IL13_+_131992232.23-P2|IL13_-_131992431.23-P2++IL13_+_131992232.23-P2|IL13_-_131992431.23-P2,1
IL17C_+_88704986.23-P1P2|IL17C_+_88705060.23-P1P2++IL17C_+_88704986.23-P1P2|IL17C_+_88705060.23-P1P2,1
IL17RB_+_53880698.23-P1P2|IL17RB_-_53880607.23-P1P2++IL17RB_+_53880698.23-P1P2|IL17RB_-_53880607.23-P1P2,5
IL1R1_-_102759260.23-P1P2|IL1R1_-_102759226.23-P1P2++IL1R1_-_102759260.23-P1P2|IL1R1_-_102759226.23-P1P2,3
ILDR1_+_121741022.23-P1P2|ILDR1_-_121741081.23-P1P2++ILDR1_+_121741022.23-P1P2|ILDR1_-_121741081.23-P1P2,1
INHBB_-_121103772.23-P1P2|INHBB_+_121103776.23-P1P2++INHBB_-_121103772.23-P1P2|INHBB_+_121103776.23-P1P2,2
INPP1_-_191208427.23-P1P2|INPP1_+_191208580.23-P1P2++INPP1_-_191208427.23-P1P2|INPP1_+_191208580.23-P1P2,1
INS-IGF2_+_2182408.23-P1|INS-IGF2_+_2182348.23-P1++INS-IGF2_+_2182408.23-P1|INS-IGF2_+_2182348.23-P1,1
ISYNA1_-_18548921.23-P1P2|ISYNA1_-_18548778.23-P1P2++ISYNA1_-_18548921.23-P1P2|ISYNA1_-_18548778.23-P1P2,2
ITGAM_+_31271344.23-P1P2|ITGAM_-_31271498.23-P1P2++ITGAM_+_31271344.23-P1P2|ITGAM_-_31271498.23-P1P2,2
JAZF1_+_28219944.23-P1P2|JAZF1_+_28220008.23-P1P2++JAZF1_+_28219944.23-P1P2|JAZF1_+_28220008.23-P1P2,1
JOSD1_+_39096549.23-P1P2|JOSD1_+_39096518.23-P1P2++JOSD1_+_39096549.23-P1P2|JOSD1_+_39096518.23-P1P2,2
KALRN_+_123813522.23-ENST00000360013.3|KALRN_-_123813683.23-ENST00000360013.3++KALRN_+_123813522.23-ENST00000360013.3|KALRN_-_123813683.23-ENST00000360013.3,2
KAT8_-_31129050.23-P1|KAT8_-_31129029.23-P1++KAT8_-_31129050.23-P1|KAT8_-_31129029.23-P1,1
KCTD12_+_77460488.23-P1P2|KCTD12_+_77460541.23-P1P2++KCTD12_+_77460488.23-P1P2|KCTD12_+_77460541.23-P1P2,1
KDM6A_+_44732968.23-P1P2|KDM6A_+_44732471.23-P1P2++KDM6A_+_44732968.23-P1P2|KDM6A_+_44732471.23-P1P2,1
KIAA1279_-_70748767.23-P1P2|KIAA1279_-_70748582.23-P1P2++KIAA1279_-_70748767.23-P1P2|KIAA1279_-_70748582.23-P1P2,3
KIAA1328_-_34409090.23-P1P2|KIAA1328_-_34409537.23-P1P2++KIAA1328_-_34409090.23-P1P2|KIAA1328_-_34409537.23-P1P2,2
KIAA1731_+_93395217.23-P1P2|KIAA1731_-_93394845.23-P1P2++KIAA1731_+_93395217.23-P1P2|KIAA1731_-_93394845.23-P1P2,2
KIAA1841_-_61293062.23-ENST00000402291.1|KIAA1841_+_61293016.23-ENST00000402291.1++KIAA1841_-_61293062.23-ENST00000402291.1|KIAA1841_+_61293016.23-ENST00000402291.1,1
KIAA2026_+_6008453.23-P1P2|KIAA2026_+_6008410.23-P1P2++KIAA2026_+_6008453.23-P1P2|KIAA2026_+_6008410.23-P1P2,1
KLF15_+_126076191.23-P1P2|KLF15_-_126076172.23-P1P2++KLF15_+_126076191.23-P1P2|KLF15_-_126076172.23-P1P2,2
KLHDC2_-_50234887.23-P1P2|KLHDC2_-_50234868.23-P1P2++KLHDC2_-_50234887.23-P1P2|KLHDC2_-_50234868.23-P1P2,4
KLHL26_-_18747889.23-P1P2|KLHL26_-_18747892.23-P1P2++KLHL26_-_18747889.23-P1P2|KLHL26_-_18747892.23-P1P2,2
KRT6A_+_52885324.23-P2|KRT6A_+_52885369.23-P2++KRT6A_+_52885324.23-P2|KRT6A_+_52885369.23-P2,1
KRTAP5-11_+_71293878.23-ENST00000398530.1|KRTAP5-11_+_71293655.23-ENST00000398530.1++KRTAP5-11_+_71293878.23-ENST00000398530.1|KRTAP5-11_+_71293655.23-ENST00000398530.1,1
KTN1_+_56078764.23-P2|KTN1_+_56078805.23-P2++KTN1_+_56078764.23-P2|KTN1_+_56078805.23-P2,2
L2HGDH_-_50778924.23-P1P2|L2HGDH_+_50778882.23-P1P2++L2HGDH_-_50778924.23-P1P2|L2HGDH_+_50778882.23-P1P2,1
LATS2_-_21635336.23-P1P2|LATS2_-_21635258.23-P1P2++LATS2_-_21635336.23-P1P2|LATS2_-_21635258.23-P1P2,4
LBX1_-_102988940.23-P1P2|LBX1_-_102988502.23-P1P2++LBX1_-_102988940.23-P1P2|LBX1_-_102988502.23-P1P2,1
LDOC1L_-_44893583.23-P1P2|LDOC1L_-_44893978.23-P1P2++LDOC1L_-_44893583.23-P1P2|LDOC1L_-_44893978.23-P1P2,1
LIMS1_-_109150960.23-P1P2|LIMS1_-_109150969.23-P1P2++LIMS1_-_109150960.23-P1P2|LIMS1_-_109150969.23-P1P2,2
LINS_-_101142335.23-P1P2|LINS_-_101142188.23-P1P2++LINS_-_101142335.23-P1P2|LINS_-_101142188.23-P1P2,1
LLGL2_-_73522018.23-P1|LLGL2_-_73521798.23-P1++LLGL2_-_73522018.23-P1|LLGL2_-_73521798.23-P1,3
LMF2_-_50944641.23-P2|LMF2_-_50944602.23-P2++LMF2_-_50944641.23-P2|LMF2_-_50944602.23-P2,1
LNX1_+_54457485.23-ENST00000263925.7|LNX1_-_54457639.23-ENST00000263925.7++LNX1_+_54457485.23-ENST00000263925.7|LNX1_-_54457639.23-ENST00000263925.7,1
LNX2_+_28194681.23-P1P2|LNX2_+_28194622.23-P1P2++LNX2_+_28194681.23-P1P2|LNX2_+_28194622.23-P1P2,5
LOC100129083_+_51919218.23-NM_001256795|LOC100129083_+_51919232.23-NM_001256795++LOC100129083_+_51919218.23-NM_001256795|LOC100129083_+_51919232.23-NM_001256795,2
LOC646862_-_58907068.23-P1P2|LOC646862_-_58907055.23-P1P2++LOC646862_-_58907068.23-P1P2|LOC646862_-_58907055.23-P1P2,3
LOC729574_-_17060984.23-NM_001282321_101|LOC729574_-_17060964.23-NM_001282321_101++GSTM2_+_110210900.23-P1|GSTM2_+_110210692.23-P1,1
LOC729574_-_17060984.23-NM_001282321_101|LOC729574_-_17060964.23-NM_001282321_101++LOC729574_-_17060984.23-NM_001282321_101|LOC729574_-_17060964.23-NM_001282321_101,4
LONP2_+_48278351.23-P1|LONP2_-_48278224.23-P1++LONP2_+_48278351.23-P1|LONP2_-_48278224.23-P1,3
LPAR5_+_6744768.23-P1|LPAR5_+_6744666.23-P1++LPAR5_+_6744768.23-P1|LPAR5_+_6744666.23-P1,3
LPAR5_+_6744768.23-P1|LPAR5_+_6744666.23-P1++TSR1_+_2239717.23-P1|TSR1_+_2239506.23-P1,1
LPHN1_-_14316907.23-P1P2|LPHN1_-_14316927.23-P1P2++LPHN1_-_14316907.23-P1P2|LPHN1_-_14316927.23-P1P2,3
LRFN1_-_39805856.23-P1P2|LRFN1_-_39805879.23-P1P2++LRFN1_-_39805856.23-P1P2|LRFN1_-_39805879.23-P1P2,2
LRRC10B_-_61276247.23-P1P2|LRRC10B_-_61276238.23-P1P2++LRRC10B_-_61276247.23-P1P2|LRRC10B_-_61276238.23-P1P2,1
LRRC23_+_7014074.23-P1P2|LRRC23_-_7014050.23-P1P2++LRRC23_+_7014074.23-P1P2|LRRC23_-_7014050.23-P1P2,1
LRRC4B_-_51071673.23-P1P2|LRRC4B_-_51071644.23-P1P2++LRRC4B_-_51071673.23-P1P2|LRRC4B_-_51071644.23-P1P2,3
LRRC63_-_46786137.23-P1P2|LRRC63_-_46786127.23-P1P2++LRRC63_-_46786137.23-P1P2|LRRC63_-_46786127.23-P1P2,1
LRRD1_+_91808415.23-P1P2|LRRD1_-_91808409.23-P1P2++LRRD1_+_91808415.23-P1P2|LRRD1_-_91808409.23-P1P2,1
LSM11_-_157170761.23-P1P2|LSM11_-_157170775.23-P1P2++LSM11_-_157170761.23-P1P2|LSM11_-_157170775.23-P1P2,1
MADCAM1_-_489194.23-P1P2|MADCAM1_-_489246.23-P1P2++MADCAM1_-_489194.23-P1P2|MADCAM1_-_489246.23-P1P2,1
MAEA_+_1303653.23-P2|MAEA_-_1303456.23-P2++MAEA_+_1303653.23-P2|MAEA_-_1303456.23-P2,2
MAP2K3_+_21188037.23-P1P2|MAP2K3_+_21188040.23-P1P2++LSM5_+_32534880.23-P2|LSM5_-_32534855.23-P2,1
MAP2K3_+_21188037.23-P1P2|MAP2K3_+_21188040.23-P1P2++MAP2K3_+_21188037.23-P1P2|MAP2K3_+_21188040.23-P1P2,3
MAP3K14_+_43394373.23-P1P2|MAP3K14_+_43394273.23-P1P2++MAP3K14_+_43394373.23-P1P2|MAP3K14_+_43394273.23-P1P2,4
MARCH5_-_94050934.23-P1P2|MARCH5_+_94051170.23-P1P2++MARCH5_-_94050934.23-P1P2|MARCH5_+_94051170.23-P1P2,3
MATK_-_3786253.23-P1P2|MATK_+_3786089.23-P1P2++MATK_-_3786253.23-P1P2|MATK_+_3786089.23-P1P2,1
MCM3_-_52149354.23-P1P2|MCM3_-_52149307.23-P1P2++MCM3_-_52149354.23-P1P2|MCM3_-_52149307.23-P1P2,1
MCOLN3_-_85514119.23-P1P2|MCOLN3_-_85514192.23-P1P2++MCOLN3_-_85514119.23-P1P2|MCOLN3_-_85514192.23-P1P2,2
MDC1_+_30685020.23-P1P2|MDC1_-_30685387.23-P1P2++MDC1_+_30685020.23-P1P2|MDC1_-_30685387.23-P1P2,3
MDM2_+_69201973.23-P1P2|MDM2_-_69202029.23-P1P2++MDM2_+_69201973.23-P1P2|MDM2_-_69202029.23-P1P2,1
MED16_+_893155.23-P1P2|MED16_+_893165.23-P1P2++MED16_+_893155.23-P1P2|MED16_+_893165.23-P1P2,1
MESDC1_-_81293304.23-P1P2|MESDC1_-_81293340.23-P1P2++MESDC1_-_81293304.23-P1P2|MESDC1_-_81293340.23-P1P2,2
MGME1_+_17949787.23-P1P2|MGME1_-_17949803.23-P1P2++MGME1_+_17949787.23-P1P2|MGME1_-_17949803.23-P1P2,1
MICALCL_-_12308489.23-ENST00000256186.2|MICALCL_-_12308468.23-ENST00000256186.2++MICALCL_-_12308489.23-ENST00000256186.2|MICALCL_-_12308468.23-ENST00000256186.2,1
MKI67IP_+_122494437.23-P1P2|MKI67IP_-_122494239.23-P1P2++MKI67IP_+_122494437.23-P1P2|MKI67IP_-_122494239.23-P1P2,1
MKNK1_+_47069893.23-P1|MKNK1_+_47069868.23-P1++MKNK1_+_47069893.23-P1|MKNK1_+_47069868.23-P1,3
MMP11_-_24115012.23-P1P2|MMP11_-_24115015.23-P1P2++MMP11_-_24115012.23-P1P2|MMP11_-_24115015.23-P1P2,1
MMP8_+_102595642.23-P1P2|MMP8_-_102595652.23-P1P2++MMP8_+_102595642.23-P1P2|MMP8_-_102595652.23-P1P2,1
MPP2_-_41984869.23-P1P2|MPP2_+_41984857.23-P1P2++MPP2_-_41984869.23-P1P2|MPP2_+_41984857.23-P1P2,2
MRC2_+_60705091.23-P1P2|MRC2_-_60705073.23-P1P2++MRC2_+_60705091.23-P1P2|MRC2_-_60705073.23-P1P2,2
MRGPRG_-_3239964.23-ENST00000332314.3|MRGPRG_-_3240025.23-ENST00000332314.3++MRGPRG_-_3239964.23-ENST00000332314.3|MRGPRG_-_3240025.23-ENST00000332314.3,1
MRGPRX2_-_19082235.23-P1P2|MRGPRX2_-_19082217.23-P1P2++MRGPRX2_-_19082235.23-P1P2|MRGPRX2_-_19082217.23-P1P2,3
MRPL10_-_45908834.23-P1P2|MRPL10_-_45908914.23-P1P2++MRPL10_-_45908834.23-P1P2|MRPL10_-_45908914.23-P1P2,3
MRPL15_-_55047895.23-P1P2|MRPL15_-_55047812.23-P1P2++MRPL15_-_55047895.23-P1P2|MRPL15_-_55047812.23-P1P2,1
MRPL48_+_73498949.23-P1P2|MRPL48_+_73498930.23-P1P2++MRPL48_+_73498949.23-P1P2|MRPL48_+_73498930.23-P1P2,1
MRPS18A_+_43655465.23-P1P2|MRPS18A_-_43655340.23-P1P2++MRPS18A_+_43655465.23-P1P2|MRPS18A_-_43655340.23-P1P2,2
MRPS34_+_1823083.23-P1P2|MRPS34_-_1822906.23-P1P2++MRPS34_+_1823083.23-P1P2|MRPS34_-_1822906.23-P1P2,2
MSANTD4_+_105892893.23-P1P2|MSANTD4_-_105892948.23-P1P2++MSANTD4_+_105892893.23-P1P2|MSANTD4_-_105892948.23-P1P2,1
MSI2_-_55333970.23-P1P2|MSI2_-_55334024.23-P1P2++MSI2_-_55333970.23-P1P2|MSI2_-_55334024.23-P1P2,1
MSL3_-_11776398.23-P1P2|MSL3_+_11776346.23-P1P2++MSL3_-_11776398.23-P1P2|MSL3_+_11776346.23-P1P2,1
MSRB1_+_1993161.23-P1P2|MSRB1_+_1993208.23-P1P2++MSRB1_+_1993161.23-P1P2|MSRB1_+_1993208.23-P1P2,1
MTHFD2_-_74425764.23-P1|MTHFD2_-_74425771.23-P1++MTHFD2_-_74425764.23-P1|MTHFD2_-_74425771.23-P1,1
MTMR8_+_63615291.23-P1P2|MTMR8_+_63615257.23-P1P2++MTMR8_+_63615291.23-P1P2|MTMR8_+_63615257.23-P1P2,3
MTRF1_+_41837671.23-P1P2|MTRF1_+_41837667.23-P1P2++MTRF1_+_41837671.23-P1P2|MTRF1_+_41837667.23-P1P2,2
MUC13_-_124646703.23-P2|MUC13_-_124646739.23-P2++MUC13_-_124646703.23-P2|MUC13_-_124646739.23-P2,2
MUC7_+_71346766.23-P2|MUC7_+_71346857.23-P2++MUC7_+_71346766.23-P2|MUC7_+_71346857.23-P2,1
MVK_-_110011650.23-P1P2|MVK_-_110011647.23-P1P2++MVK_-_110011650.23-P1P2|MVK_-_110011647.23-P1P2,3
MYADM_+_54371151.23-P1|MYADM_-_54371197.23-P1++MYADM_+_54371151.23-P1|MYADM_-_54371197.23-P1,1
MYF6_-_81101670.23-P1P2|MYF6_-_81101489.23-P1P2++MYF6_-_81101670.23-P1P2|MYF6_-_81101489.23-P1P2,5
MYL6B_-_56546429.23-P1P2|MYL6B_-_56546414.23-P1P2++MYL6B_-_56546429.23-P1P2|MYL6B_-_56546414.23-P1P2,7
MYL7_-_44180482.23-P1P2|MYL7_-_44180551.23-P1P2++MYL7_-_44180482.23-P1P2|MYL7_-_44180551.23-P1P2,1
MYO10_+_16936376.23-P1P2|MYO10_-_16936350.23-P1P2++MYO10_+_16936376.23-P1P2|MYO10_-_16936350.23-P1P2,5
MYO5A_-_52821073.23-P1P2|MYO5A_-_52821079.23-P1P2++MYO5A_-_52821073.23-P1P2|MYO5A_-_52821079.23-P1P2,1
MYPOP_-_46405829.23-P1P2|MYPOP_+_46405841.23-P1P2++MYPOP_-_46405829.23-P1P2|MYPOP_+_46405841.23-P1P2,3
N4BP3_+_177540617.23-P1P2|N4BP3_+_177540646.23-P1P2++N4BP3_+_177540617.23-P1P2|N4BP3_+_177540646.23-P1P2,1
NANS_-_100819035.23-P1P2|NANS_-_100819032.23-P1P2++NANS_-_100819035.23-P1P2|NANS_-_100819032.23-P1P2,3
NAPB_+_23402100.23-P1P2|NAPB_+_23402063.23-P1P2++NAPB_+_23402100.23-P1P2|NAPB_+_23402063.23-P1P2,1
NCCRP1_-_39687628.23-P1P2|NCCRP1_-_39687621.23-P1P2++NCCRP1_-_39687628.23-P1P2|NCCRP1_-_39687621.23-P1P2,2
NCK2_+_106361354.23-P1P2|NCK2_-_106361370.23-P1P2++NCK2_+_106361354.23-P1P2|NCK2_-_106361370.23-P1P2,3
NCMAP_-_24882667.23-P1P2|NCMAP_-_24882664.23-P1P2++NCMAP_-_24882667.23-P1P2|NCMAP_-_24882664.23-P1P2,12
NECAB3_+_32251481.23-P2|NECAB3_-_32251439.23-P2++NECAB3_+_32251481.23-P2|NECAB3_-_32251439.23-P2,2
NEDD8-MDP1_+_24701539.23-P1P2|NEDD8-MDP1_+_24701514.23-P1P2++NEDD8-MDP1_+_24701539.23-P1P2|NEDD8-MDP1_+_24701514.23-P1P2,4
NEU3_+_74699959.23-P1P2|NEU3_-_74699751.23-P1P2++NEU3_+_74699959.23-P1P2|NEU3_-_74699751.23-P1P2,1
NISCH_-_52489660.23-P1P2|NISCH_-_52489862.23-P1P2++NISCH_-_52489660.23-P1P2|NISCH_-_52489862.23-P1P2,2
NKAIN1_-_31712714.23-P1P2|NKAIN1_-_31712767.23-P1P2++NKAIN1_-_31712714.23-P1P2|NKAIN1_-_31712767.23-P1P2,1
NKX2-1_+_36989438.23-P1P2|NKX2-1_+_36989394.23-P1P2++NKX2-1_+_36989438.23-P1P2|NKX2-1_+_36989394.23-P1P2,2
NKX6-1_-_85419268.23-P1P2|NKX6-1_-_85418935.23-P1P2++NKX6-1_-_85419268.23-P1P2|NKX6-1_-_85418935.23-P1P2,1
NME1_+_49233051.23-P2|NME1_+_49233013.23-P2++NME1_+_49233051.23-P2|NME1_+_49233013.23-P2,1
NNT_+_43603290.23-P1P2|NNT_+_43603323.23-P1P2++NNT_+_43603290.23-P1P2|NNT_+_43603323.23-P1P2,1
NOB1_+_69788742.23-P1P2|NOB1_+_69788621.23-P1P2++NOB1_+_69788742.23-P1P2|NOB1_+_69788621.23-P1P2,1
NODAL_-_72201404.23-P1P2|NODAL_+_72201368.23-P1P2++NODAL_-_72201404.23-P1P2|NODAL_+_72201368.23-P1P2,1
NOM1_-_156742480.23-P1P2|NOM1_+_156742639.23-P1P2++NOM1_-_156742480.23-P1P2|NOM1_+_156742639.23-P1P2,1
NPAS1_-_47523117.23-P1P2|NPAS1_+_47523153.23-P1P2++NPAS1_-_47523117.23-P1P2|NPAS1_+_47523153.23-P1P2,1
NPAS2_+_101436646.23-P1P2|NPAS2_-_101436652.23-P1P2++NPAS2_+_101436646.23-P1P2|NPAS2_-_101436652.23-P1P2,1
NPHP3_+_132441161.23-P1P2|NPHP3_+_132441136.23-P1P2++NPHP3_+_132441161.23-P1P2|NPHP3_+_132441136.23-P1P2,1
NPHS1_-_36343347.23-P1|NPHS1_+_36343330.23-P1++NPHS1_-_36343347.23-P1|NPHS1_+_36343330.23-P1,3
NR1H3_+_47279581.23-P1|NR1H3_+_47279565.23-P1++NR1H3_+_47279581.23-P1|NR1H3_+_47279565.23-P1,2
NR4A3_+_102584347.23-P1P2|NR4A3_+_102584354.23-P1P2++NR4A3_+_102584347.23-P1P2|NR4A3_+_102584354.23-P1P2,2
NT5DC4_-_113483739.23-P1P2|NT5DC4_-_113483713.23-P1P2++NT5DC4_-_113483739.23-P1P2|NT5DC4_-_113483713.23-P1P2,1
NUDT10_-_51075688.23-P1P2|NUDT10_+_51075736.23-P1P2++NUDT10_-_51075688.23-P1P2|NUDT10_+_51075736.23-P1P2,2
NUDT14_-_105647568.23-P1P2|NUDT14_-_105647550.23-P1P2++NUDT14_-_105647568.23-P1P2|NUDT14_-_105647550.23-P1P2,4
NWD1_-_16830833.23-P1P2|NWD1_-_16830822.23-P1P2++NWD1_-_16830833.23-P1P2|NWD1_-_16830822.23-P1P2,1
OAZ3_+_151739231.23-P1|OAZ3_+_151739268.23-P1++OAZ3_+_151739231.23-P1|OAZ3_+_151739268.23-P1,1
ONECUT2_+_55102653.23-P1P2|ONECUT2_-_55102673.23-P1P2++ONECUT2_+_55102653.23-P1P2|ONECUT2_-_55102673.23-P1P2,3
OR10J5_+_159505583.23-ENST00000334857.2|OR10J5_-_159505840.23-ENST00000334857.2++OR10J5_+_159505583.23-ENST00000334857.2|OR10J5_-_159505840.23-ENST00000334857.2,1
OR10K1_+_158435321.23-ENST00000289451.2|OR10K1_+_158435303.23-ENST00000289451.2++OR10K1_+_158435321.23-ENST00000289451.2|OR10K1_+_158435303.23-ENST00000289451.2,3
OR2H2_+_29555737.23-ENST00000383640.2|OR2H2_-_29555745.23-ENST00000383640.2++OR2H2_+_29555737.23-ENST00000383640.2|OR2H2_-_29555745.23-ENST00000383640.2,1
OR2T33_-_248436688.23-ENST00000318021.2|OR2T33_+_248436675.23-ENST00000318021.2++OR2T33_-_248436688.23-ENST00000318021.2|OR2T33_+_248436675.23-ENST00000318021.2,3
OR2T5_-_248651931.23-ENST00000366473.2|OR2T5_+_248651939.23-ENST00000366473.2++OR2T5_-_248651931.23-ENST00000366473.2|OR2T5_+_248651939.23-ENST00000366473.2,1
OR4K2_-_20344436.23-ENST00000298642.2|OR4K2_+_20344587.23-ENST00000298642.2++OR4K2_-_20344436.23-ENST00000298642.2|OR4K2_+_20344587.23-ENST00000298642.2,1
OR51G2_-_4936846.23-ENST00000322013.3|OR51G2_-_4936910.23-ENST00000322013.3++OR51G2_-_4936846.23-ENST00000322013.3|OR51G2_-_4936910.23-ENST00000322013.3,1
OR5AC2_+_97806082.23-ENST00000358642.2|OR5AC2_+_97806245.23-ENST00000358642.2++MXRA7_+_74707041.23-P1P2|MXRA7_-_74707123.23-P1P2,1
OR6T1_-_123814482.23-ENST00000321252.2|OR6T1_+_123814520.23-ENST00000321252.2++OR6T1_-_123814482.23-ENST00000321252.2|OR6T1_+_123814520.23-ENST00000321252.2,2
OVOL1_+_65554607.23-P1P2|OVOL1_-_65554580.23-P1P2++OVOL1_+_65554607.23-P1P2|OVOL1_-_65554580.23-P1P2,1
OVOL2_-_18038516.23-P1P2|OVOL2_+_18038463.23-P1P2++OVOL2_-_18038516.23-P1P2|OVOL2_+_18038463.23-P1P2,3
P2RY10_+_78200940.23-P1P2|P2RY10_+_78201197.23-P1P2++P2RY10_+_78200940.23-P1P2|P2RY10_+_78201197.23-P1P2,2
PADI1_-_17531692.23-P1P2|PADI1_+_17531653.23-P1P2++PADI1_-_17531692.23-P1P2|PADI1_+_17531653.23-P1P2,1
PAPD5_+_50186825.23-P1P2|PAPD5_-_50187224.23-P1P2++PAPD5_+_50186825.23-P1P2|PAPD5_-_50187224.23-P1P2,2
PAPLN_+_73706350.23-P2|PAPLN_+_73706406.23-P2++PAPLN_+_73706350.23-P2|PAPLN_+_73706406.23-P2,4
PBLD_+_70092672.23-P1|PBLD_-_70092658.23-P1++PBLD_+_70092672.23-P1|PBLD_-_70092658.23-P1,1
PCDH11X_-_91034876.23-P1P2|PCDH11X_-_91034887.23-P1P2++PCDH11X_-_91034876.23-P1P2|PCDH11X_-_91034887.23-P1P2,1
PCDHA3_+_140180882.23-P1P2|PCDHA3_-_140181072.23-P1P2++PCDHA3_+_140180882.23-P1P2|PCDHA3_-_140181072.23-P1P2,1
PCDHAC1_-_140305945.23-P1P2|PCDHAC1_+_140305973.23-P1P2++PCDHAC1_-_140305945.23-P1P2|PCDHAC1_+_140305973.23-P1P2,2
PCID2_+_113862955.23-P1|PCID2_+_113862975.23-P1++PCID2_+_113862955.23-P1|PCID2_+_113862975.23-P1,3
PDIA5_-_122785997.23-P1P2|PDIA5_-_122785984.23-P1P2++PDIA5_-_122785997.23-P1P2|PDIA5_-_122785984.23-P1P2,2
PDP1_-_94929617.23-P1P2|PDP1_+_94929648.23-P1P2++PDP1_-_94929617.23-P1P2|PDP1_+_94929648.23-P1P2,2
PENK_+_57359193.23-P1P2|PENK_-_57358820.23-P1P2++PENK_+_57359193.23-P1P2|PENK_-_57358820.23-P1P2,7
PEX5_-_7342331.23-P1P2|PEX5_-_7342527.23-P1P2++PEX5_-_7342331.23-P1P2|PEX5_-_7342527.23-P1P2,1
PFDN5_-_53689354.23-P1P2|PFDN5_+_53689579.23-P1P2++PFDN5_-_53689354.23-P1P2|PFDN5_+_53689579.23-P1P2,1
PFN4_-_24346104.23-P1P2|PFN4_-_24346087.23-P1P2++PFN4_-_24346104.23-P1P2|PFN4_-_24346087.23-P1P2,3
PGGT1B_+_114598325.23-P1P2|PGGT1B_-_114598133.23-P1P2++PGGT1B_+_114598325.23-P1P2|PGGT1B_-_114598133.23-P1P2,2
PGS1_-_76374755.23-P1P2|PGS1_+_76374776.23-P1P2++PGS1_-_76374755.23-P1P2|PGS1_+_76374776.23-P1P2,3
PHF10_-_170124315.23-P1P2|PHF10_+_170124573.23-P1P2++PHF10_-_170124315.23-P1P2|PHF10_+_170124573.23-P1P2,2
PHF21B_+_45405828.23-P1|PHF21B_-_45405798.23-P1++PHF21B_+_45405828.23-P1|PHF21B_-_45405798.23-P1,1
PHOX2B_+_41750413.23-P1P2|PHOX2B_-_41750353.23-P1P2++PHOX2B_+_41750413.23-P1P2|PHOX2B_-_41750353.23-P1P2,1
PIANP_-_6809962.23-P1P2|PIANP_-_6809967.23-P1P2++PIANP_-_6809962.23-P1P2|PIANP_-_6809967.23-P1P2,2
PIGF_+_46844151.23-P1P2|PIGF_+_46844148.23-P1P2++PIGF_+_46844151.23-P1P2|PIGF_+_46844148.23-P1P2,1
PIK3CB_+_138553747.23-P1P2|PIK3CB_+_138553708.23-P1P2++PIK3CB_+_138553747.23-P1P2|PIK3CB_+_138553708.23-P1P2,1
PKN1_-_14544383.23-P1|PKN1_-_14544144.23-P1++PKN1_-_14544383.23-P1|PKN1_-_14544144.23-P1,2
PLA2G5_+_20396740.23-P1P2|PLA2G5_+_20396745.23-P1P2++PLA2G5_+_20396740.23-P1P2|PLA2G5_+_20396745.23-P1P2,5
PLCB4_-_9049393.23-P1P2|PLCB4_-_9049405.23-P1P2++PLCB4_-_9049393.23-P1P2|PLCB4_-_9049405.23-P1P2,2
PLCH2_-_2407789.23-P2|PLCH2_-_2407801.23-P2++PLCH2_-_2407789.23-P2|PLCH2_-_2407801.23-P2,1
PLEK2_-_67878894.23-P1P2|PLEK2_+_67878801.23-P1P2++PLEK2_-_67878894.23-P1P2|PLEK2_+_67878801.23-P1P2,1
PLEKHG5_-_6545291.23-P2|PLEKHG5_-_6545490.23-P2++PLEKHG5_-_6545291.23-P2|PLEKHG5_-_6545490.23-P2,3
PLEKHM1_-_43568059.23-P1P2|PLEKHM1_+_43567886.23-P1P2++PLEKHM1_-_43568059.23-P1P2|PLEKHM1_+_43567886.23-P1P2,1
PLIN5_+_4535216.23-P1P2|PLIN5_-_4535189.23-P1P2++PLIN5_+_4535216.23-P1P2|PLIN5_-_4535189.23-P1P2,2
PLK4_-_128802078.23-P1P2|PLK4_-_128802116.23-P1P2++PLK4_-_128802078.23-P1P2|PLK4_-_128802116.23-P1P2,1
PLP2_-_49028323.23-P1P2|PLP2_+_49028315.23-P1P2++PLP2_-_49028323.23-P1P2|PLP2_+_49028315.23-P1P2,5
PNLIPRP2_-_118380523.23-P1P2|PNLIPRP2_+_118380661.23-P1P2++PNLIPRP2_-_118380523.23-P1P2|PNLIPRP2_+_118380661.23-P1P2,2
POLR2M_+_57999324.23-P1P2|POLR2M_-_57999302.23-P1P2++POLR2M_+_57999324.23-P1P2|POLR2M_-_57999302.23-P1P2,3
POU5F2_-_93077279.23-P1P2|POU5F2_-_93077274.23-P1P2++ATXN1_-_16761669.23-P1P2|ATXN1_+_16761661.23-P1P2,1
PPFIA3_-_49622853.23-P2|PPFIA3_+_49623064.23-P2++MAL2_-_120220627.23-P1P2|MAL2_+_120220974.23-P1P2,1
PPM1K_-_89205913.23-P1P2|PPM1K_+_89205556.23-P1P2++PPM1K_-_89205913.23-P1P2|PPM1K_+_89205556.23-P1P2,2
PPP1R13L_+_45909620.23-P2|PPP1R13L_+_45909148.23-P2++PPP1R13L_+_45909620.23-P2|PPP1R13L_+_45909148.23-P2,1
PPP1R36_-_65016723.23-P1P2|PPP1R36_-_65016707.23-P1P2++PPP1R36_-_65016723.23-P1P2|PPP1R36_-_65016707.23-P1P2,6
PPY_-_42019846.23-P1P2|PPY_+_42019795.23-P1P2++PPY_-_42019846.23-P1P2|PPY_+_42019795.23-P1P2,4
PRAMEF7_+_12976515.23-ENST00000361079.2|PRAMEF7_+_12976518.23-ENST00000361079.2++PRAMEF7_+_12976515.23-ENST00000361079.2|PRAMEF7_+_12976518.23-ENST00000361079.2,1
"PRDM2_+_14031589.23-ENST00000235372.7,ENST00000311066.5|PRDM2_+_14031372.23-ENST00000235372.7,ENST00000311066.5++PRDM2_+_14031589.23-ENST00000235372.7,ENST00000311066.5|PRDM2_+_14031372.23-ENST00000235372.7,ENST00000311066.5",1
PRELP_+_203444952.23-P1P2|PRELP_-_203444959.23-P1P2++PRELP_+_203444952.23-P1P2|PRELP_-_203444959.23-P1P2,3
PRMT3_+_20409317.23-P1P2|PRMT3_-_20409281.23-P1P2++PRMT3_+_20409317.23-P1P2|PRMT3_-_20409281.23-P1P2,2
PROS1_+_93692674.23-P1P2|PROS1_+_93692682.23-P1P2++PROS1_+_93692674.23-P1P2|PROS1_+_93692682.23-P1P2,1
"PRR23C_-_138763289.23-ENST00000413199.1,ENST00000502927.2|PRR23C_-_138763626.23-ENST00000413199.1,ENST00000502927.2++PRR23C_-_138763289.23-ENST00000413199.1,ENST00000502927.2|PRR23C_-_138763626.23-ENST00000413199.1,ENST00000502927.2",1
PSAPL1_-_7436646.23-P1P2|PSAPL1_-_7436581.23-P1P2++PSAPL1_-_7436646.23-P1P2|PSAPL1_-_7436581.23-P1P2,1
PSMB1_+_170862351.23-P1P2|PSMB1_+_170862342.23-P1P2++PSMB1_+_170862351.23-P1P2|PSMB1_+_170862342.23-P1P2,2
PTBP1_+_797463.23-P1P2|PTBP1_-_797442.23-P1P2++PTBP1_+_797463.23-P1P2|PTBP1_-_797442.23-P1P2,2
PTCHD1_+_23352550.23-P1P2|PTCHD1_-_23352523.23-P1P2++PTCHD1_+_23352550.23-P1P2|PTCHD1_-_23352523.23-P1P2,4
PTGR1_+_114361887.23-P1P2|PTGR1_-_114361694.23-P1P2++PTGR1_+_114361887.23-P1P2|PTGR1_-_114361694.23-P1P2,2
PTGR2_-_74318712.23-P1P2|PTGR2_-_74318707.23-P1P2++PTGR2_-_74318712.23-P1P2|PTGR2_-_74318707.23-P1P2,2
PTP4A2_+_32403897.23-P1P2|PTP4A2_-_32403484.23-P1P2++PTP4A2_+_32403897.23-P1P2|PTP4A2_-_32403484.23-P1P2,1
PTRH2_+_57784762.23-P1P2|PTRH2_+_57784730.23-P1P2++PTRH2_+_57784762.23-P1P2|PTRH2_+_57784730.23-P1P2,1
RABAC1_-_42463460.23-P1P2|RABAC1_+_42463440.23-P1P2++RABAC1_-_42463460.23-P1P2|RABAC1_+_42463440.23-P1P2,1
"RASA4_+_102257144.23-ENST00000262940.7,ENST00000449970.2|RASA4_+_102257208.23-ENST00000262940.7,ENST00000449970.2++RASA4_+_102257144.23-ENST00000262940.7,ENST00000449970.2|RASA4_+_102257208.23-ENST00000262940.7,ENST00000449970.2",6
RBM15_-_110882298.23-P1P2|RBM15_-_110882113.23-P1P2++RBM15_-_110882298.23-P1P2|RBM15_-_110882113.23-P1P2,7
RBM23_-_23388298.23-P1P2|RBM23_-_23388350.23-P1P2++RBM23_-_23388298.23-P1P2|RBM23_-_23388350.23-P1P2,1
RBM26_-_79979764.23-P1P2|RBM26_+_79979944.23-P1P2++RBM26_-_79979764.23-P1P2|RBM26_+_79979944.23-P1P2,1
RBM4B_+_66445296.23-P1P2|RBM4B_-_66445243.23-P1P2++RBM4B_+_66445296.23-P1P2|RBM4B_-_66445243.23-P1P2,1
RBMX_-_135962895.23-P1P2|RBMX_-_135962885.23-P1P2++RBMX_-_135962895.23-P1P2|RBMX_-_135962885.23-P1P2,2
REG4_+_120354042.23-P1P2|REG4_-_120354056.23-P1P2++REG4_+_120354042.23-P1P2|REG4_-_120354056.23-P1P2,5
RELL1_+_37687969.23-P1P2|RELL1_-_37687977.23-P1P2++RELL1_+_37687969.23-P1P2|RELL1_-_37687977.23-P1P2,1
RFX6_+_117198489.23-P1P2|RFX6_-_117198429.23-P1P2++RFX6_+_117198489.23-P1P2|RFX6_-_117198429.23-P1P2,1
RFX8_+_102090662.23-P1P2|RFX8_+_102090883.23-P1P2++G3BP2_+_76598520.23-P1P2|G3BP2_+_76598272.23-P1P2,3
RGP1_-_35749355.23-P1P2|RGP1_-_35749376.23-P1P2++RGP1_-_35749355.23-P1P2|RGP1_-_35749376.23-P1P2,2
RHOF_-_122231504.23-P1P2|RHOF_-_122231584.23-P1P2++RHOF_-_122231504.23-P1P2|RHOF_-_122231584.23-P1P2,3
RMI1_+_86595732.23-P1P2|RMI1_+_86595743.23-P1P2++RMI1_+_86595732.23-P1P2|RMI1_+_86595743.23-P1P2,1
RNF145_-_158636562.23-P1|RNF145_-_158636514.23-P1++RNF145_-_158636562.23-P1|RNF145_-_158636514.23-P1,2
RNF208_-_140115846.23-P1P2|RNF208_-_140115867.23-P1P2++RNF208_-_140115846.23-P1P2|RNF208_-_140115867.23-P1P2,13
RNF213_-_78234694.23-P1|RNF213_-_78234662.23-P1++RNF213_-_78234694.23-P1|RNF213_-_78234662.23-P1,1
RPL10A_-_35436407.23-P1P2|RPL10A_-_35436216.23-P1P2++RPL10A_-_35436407.23-P1P2|RPL10A_-_35436216.23-P1P2,2
RPL12_-_130213255.23-P1P2|RPL12_+_130213322.23-P1P2++RPL12_-_130213255.23-P1P2|RPL12_+_130213322.23-P1P2,2
RPL13_-_89627126.23-P1P2|RPL13_+_89627082.23-P1P2++RPL13_-_89627126.23-P1P2|RPL13_+_89627082.23-P1P2,1
RPL27A_-_8704363.23-P1P2|RPL27A_-_8704367.23-P1P2++RPL27A_-_8704363.23-P1P2|RPL27A_-_8704367.23-P1P2,5
RPS3_-_75110633.23-P1|RPS3_-_75110586.23-P1++RPS3_-_75110633.23-P1|RPS3_-_75110586.23-P1,1
RPS6KA3_-_20284919.23-P1P2|RPS6KA3_+_20284937.23-P1P2++RPS6KA3_-_20284919.23-P1P2|RPS6KA3_+_20284937.23-P1P2,2
RSPH10B_-_6006535.23-ENST00000441023.2|RSPH10B_-_6006538.23-ENST00000441023.2++RSPH10B_-_6006535.23-ENST00000441023.2|RSPH10B_-_6006538.23-ENST00000441023.2,4
RSPO1_+_38100472.23-P1P2|RSPO1_+_38100504.23-P1P2++RSPO1_+_38100472.23-P1P2|RSPO1_+_38100504.23-P1P2,4
RTKN2_+_64028429.23-P1P2|RTKN2_-_64028354.23-P1P2++RTKN2_+_64028429.23-P1P2|RTKN2_-_64028354.23-P1P2,1
RTKN_+_74667639.23-P2|RTKN_+_74667590.23-P2++RTKN_+_74667639.23-P2|RTKN_+_74667590.23-P2,3
RTP2_-_187420112.23-ENST00000358241.1|RTP2_-_187420273.23-ENST00000358241.1++RTP2_-_187420112.23-ENST00000358241.1|RTP2_-_187420273.23-ENST00000358241.1,2
RTP3_+_46539524.23-P1P2|RTP3_+_46539488.23-P1P2++RTP3_+_46539524.23-P1P2|RTP3_+_46539488.23-P1P2,3
RUNDC3B_-_87257765.23-P1P2|RUNDC3B_-_87257816.23-P1P2++RUNDC3B_-_87257765.23-P1P2|RUNDC3B_-_87257816.23-P1P2,2
RUSC2_-_35538911.23-P1|RUSC2_+_35538926.23-P1++RUSC2_-_35538911.23-P1|RUSC2_+_35538926.23-P1,2
RYR2_+_237205558.23-P1P2|RYR2_-_237205519.23-P1P2++RYR2_+_237205558.23-P1P2|RYR2_-_237205519.23-P1P2,2
S100A1_-_153603069.23-P2|S100A1_-_153603152.23-P2++S100A1_-_153603069.23-P2|S100A1_-_153603152.23-P2,2
SCAP_-_47517316.23-P1P2|SCAP_-_47517296.23-P1P2++SCAP_-_47517316.23-P1P2|SCAP_-_47517296.23-P1P2,1
SCARB1_-_125348396.23-P1P2|SCARB1_-_125348377.23-P1P2++SCARB1_-_125348396.23-P1P2|SCARB1_-_125348377.23-P1P2,1
SCG3_+_51973736.23-P1P2|SCG3_-_51973746.23-P1P2++SCG3_+_51973736.23-P1P2|SCG3_-_51973746.23-P1P2,1
SCN5A_+_38691168.23-P1P2|SCN5A_-_38691148.23-P1P2++SCN5A_+_38691168.23-P1P2|SCN5A_-_38691148.23-P1P2,1
SCT_+_626967.23-P1P2|SCT_+_627190.23-P1P2++SCT_+_626967.23-P1P2|SCT_+_627190.23-P1P2,2
SCYL2_-_100661215.23-P1P2|SCYL2_-_100661218.23-P1P2++SCYL2_-_100661215.23-P1P2|SCYL2_-_100661218.23-P1P2,1
SDC1_+_20424403.23-P1P2|SDC1_+_20424790.23-P1P2++SDC1_+_20424403.23-P1P2|SDC1_+_20424790.23-P1P2,3
SEMA6C_-_151119070.23-P1P2|SEMA6C_+_151119064.23-P1P2++SEMA6C_-_151119070.23-P1P2|SEMA6C_+_151119064.23-P1P2,3
SEPSECS_-_25162088.23-P1P2|SEPSECS_-_25161998.23-P1P2++SEPSECS_-_25162088.23-P1P2|SEPSECS_-_25161998.23-P1P2,1
SEPT5_+_19702051.23-P2|SEPT5_+_19702045.23-P2++SEPT5_+_19702051.23-P2|SEPT5_+_19702045.23-P2,4
SEPT8_-_132112872.23-P1P2|SEPT8_+_132112910.23-P1P2++SEPT8_-_132112872.23-P1P2|SEPT8_+_132112910.23-P1P2,2
SERINC3_+_43150599.23-P1P2|SERINC3_-_43150608.23-P1P2++SERINC3_+_43150599.23-P1P2|SERINC3_-_43150608.23-P1P2,1
SERPINB12_+_61223504.23-ENST00000269491.1|SERPINB12_-_61223588.23-ENST00000269491.1++SERPINB12_+_61223504.23-ENST00000269491.1|SERPINB12_-_61223588.23-ENST00000269491.1,1
SETD9_+_56205442.23-P1P2|SETD9_+_56205475.23-P1P2++SETD9_+_56205442.23-P1P2|SETD9_+_56205475.23-P1P2,6
SFRP4_-_37956380.23-P1P2|SFRP4_+_37956399.23-P1P2++SFRP4_-_37956380.23-P1P2|SFRP4_+_37956399.23-P1P2,2
SFTA2_+_30899867.23-P1P2|SFTA2_-_30899920.23-P1P2++SFTA2_+_30899867.23-P1P2|SFTA2_-_30899920.23-P1P2,1
SFTPA2_+_81320153.23-P1P2|SFTPA2_+_81320020.23-P1P2++SFTPA2_+_81320153.23-P1P2|SFTPA2_+_81320020.23-P1P2,3
SGCA_+_48252928.23-P2|SGCA_+_48252629.23-P2++SGCA_+_48252928.23-P2|SGCA_+_48252629.23-P2,1
SGK3_+_67624766.23-ENST00000521198.2|SGK3_-_67625072.23-ENST00000521198.2++SGK3_+_67624766.23-ENST00000521198.2|SGK3_-_67625072.23-ENST00000521198.2,1
SGOL2_+_201391065.23-P1P2|SGOL2_+_201391089.23-P1P2++SGOL2_+_201391065.23-P1P2|SGOL2_+_201391089.23-P1P2,1
SGSM3_-_40766663.23-P1P2|SGSM3_-_40766688.23-P1P2++SGSM3_-_40766663.23-P1P2|SGSM3_-_40766688.23-P1P2,1
SH2D1A_-_123480439.23-P1P2|SH2D1A_+_123480473.23-P1P2++SH2D1A_-_123480439.23-P1P2|SH2D1A_+_123480473.23-P1P2,1
SH2D4B_+_82297766.23-P1P2|SH2D4B_-_82297777.23-P1P2++SH2D4B_+_82297766.23-P1P2|SH2D4B_-_82297777.23-P1P2,1
SH3GLB1_+_87170541.23-P1P2|SH3GLB1_+_87170495.23-P1P2++SH3GLB1_+_87170541.23-P1P2|SH3GLB1_+_87170495.23-P1P2,1
SHF_+_45480124.23-P1|SHF_-_45480152.23-P1++SHF_+_45480124.23-P1|SHF_-_45480152.23-P1,2
SIRT3_-_236296.23-P1P2|SIRT3_-_236305.23-P1P2++SIRT3_-_236296.23-P1P2|SIRT3_-_236305.23-P1P2,2
SLC26A10_-_58013360.23-P1P2|SLC26A10_-_58013417.23-P1P2++SLC26A10_-_58013360.23-P1P2|SLC26A10_-_58013417.23-P1P2,1
SLC2A11_+_24200090.23-P1P2|SLC2A11_-_24200133.23-P1P2++SLC2A11_+_24200090.23-P1P2|SLC2A11_-_24200133.23-P1P2,1
SLC30A7_-_101361698.23-P1P2|SLC30A7_-_101361665.23-P1P2++SLC30A7_-_101361698.23-P1P2|SLC30A7_-_101361665.23-P1P2,2
SLC35G1_+_95653765.23-P1P2|SLC35G1_+_95653783.23-P1P2++SLC35G1_+_95653765.23-P1P2|SLC35G1_+_95653783.23-P1P2,2
SLC35G5_+_11188523.23-ENST00000382435.4|SLC35G5_-_11188805.23-ENST00000382435.4++SLC35G5_+_11188523.23-ENST00000382435.4|SLC35G5_-_11188805.23-ENST00000382435.4,2
SLC35G6_+_7384871.23-ENST00000412468.2|SLC35G6_+_7384868.23-ENST00000412468.2++SLC35G6_+_7384871.23-ENST00000412468.2|SLC35G6_+_7384868.23-ENST00000412468.2,5
SLC37A2_+_124933226.23-P1P2|SLC37A2_+_124933229.23-P1P2++SLC37A2_+_124933226.23-P1P2|SLC37A2_+_124933229.23-P1P2,5
SLC38A3_-_50242750.23-P1P2|SLC38A3_-_50242741.23-P1P2++SLC38A3_-_50242750.23-P1P2|SLC38A3_-_50242741.23-P1P2,1
SLC39A7_-_33168697.23-P1P2|SLC39A7_-_33168709.23-P1P2++SLC39A7_-_33168697.23-P1P2|SLC39A7_-_33168709.23-P1P2,4
SLC5A4_-_32651290.23-P1P2|SLC5A4_+_32651303.23-P1P2++SLC5A4_-_32651290.23-P1P2|SLC5A4_+_32651303.23-P1P2,2
SLC6A9_-_44497020.23-P1P2|SLC6A9_+_44496990.23-P1P2++SLC6A9_-_44497020.23-P1P2|SLC6A9_+_44496990.23-P1P2,1
SLC7A10_+_33716696.23-P1P2|SLC7A10_+_33716644.23-P1P2++PKDCC_+_42275174.23-P1P2|PKDCC_+_42275211.23-P1P2,1
SLC9A3R2_+_2083344.23-P2|SLC9A3R2_+_2083326.23-P2++SLC9A3R2_+_2083344.23-P2|SLC9A3R2_+_2083326.23-P2,2
SLC9A7_+_46618535.23-P1P2|SLC9A7_+_46618542.23-P1P2++SLC9A7_+_46618535.23-P1P2|SLC9A7_+_46618542.23-P1P2,2
SMIM14_+_39640467.23-P1P2|SMIM14_+_39640244.23-P1P2++SMIM14_+_39640467.23-P1P2|SMIM14_+_39640244.23-P1P2,1
SMIM6_-_73642430.23-P1P2|SMIM6_+_73642445.23-P1P2++SMIM6_-_73642430.23-P1P2|SMIM6_+_73642445.23-P1P2,1
SMPD4_+_130939639.23-P1P2|SMPD4_-_130939137.23-P1P2++SMPD4_+_130939639.23-P1P2|SMPD4_-_130939137.23-P1P2,4
SNAP91_+_84418746.23-P1P2|SNAP91_+_84418487.23-P1P2++SNAP91_+_84418746.23-P1P2|SNAP91_+_84418487.23-P1P2,3
SNCB_+_176057463.23-P1P2|SNCB_+_176057479.23-P1P2++SNCB_+_176057463.23-P1P2|SNCB_+_176057479.23-P1P2,1
SNUPN_+_75918041.23-P1P2|SNUPN_+_75918062.23-P1P2++SNUPN_+_75918041.23-P1P2|SNUPN_+_75918062.23-P1P2,3
SPANXN5_+_52826433.23-P1P2|SPANXN5_+_52826462.23-P1P2++SPANXN5_+_52826433.23-P1P2|SPANXN5_+_52826462.23-P1P2,3
SPDEF_-_34524042.23-P1P2|SPDEF_-_34523679.23-P1P2++SPDEF_-_34524042.23-P1P2|SPDEF_-_34523679.23-P1P2,1
SPG20_+_36920443.23-P1P2|SPG20_-_36920497.23-P1P2++SPG20_+_36920443.23-P1P2|SPG20_-_36920497.23-P1P2,1
SPINT3_-_44144200.23-P1P2|SPINT3_-_44144266.23-P1P2++SPINT3_-_44144200.23-P1P2|SPINT3_-_44144266.23-P1P2,3
SPINT4_+_44351004.23-P1P2|SPINT4_+_44351016.23-P1P2++SPINT4_+_44351004.23-P1P2|SPINT4_+_44351016.23-P1P2,1
SPPL2C_+_43922295.23-P1P2|SPPL2C_+_43922307.23-P1P2++SPPL2C_+_43922295.23-P1P2|SPPL2C_+_43922307.23-P1P2,1
SPRR2E_-_153066922.23-P1P2|SPRR2E_-_153066614.23-P1P2++SPRR2E_-_153066922.23-P1P2|SPRR2E_-_153066614.23-P1P2,1
SPTY2D1_-_18655829.23-P1P2|SPTY2D1_-_18655846.23-P1P2++SPTY2D1_-_18655829.23-P1P2|SPTY2D1_-_18655846.23-P1P2,3
SSTR5_-_1128978.23-P1|SSTR5_-_1128859.23-P1++SSTR5_-_1128978.23-P1|SSTR5_-_1128859.23-P1,1
ST3GAL3_+_44173404.23-P1P2|ST3GAL3_+_44173204.23-P1P2++ST3GAL3_+_44173404.23-P1P2|ST3GAL3_+_44173204.23-P1P2,3
STAMBPL1_-_90640228.23-P1P2|STAMBPL1_-_90640388.23-P1P2++STAMBPL1_-_90640228.23-P1P2|STAMBPL1_-_90640388.23-P1P2,6
STARD3_+_37793402.23-P1P2|STARD3_-_37793429.23-P1P2++STARD3_+_37793402.23-P1P2|STARD3_-_37793429.23-P1P2,5
STMND1_-_17102375.23-P1P2|STMND1_-_17102411.23-P1P2++STMND1_-_17102375.23-P1P2|STMND1_-_17102411.23-P1P2,2
STRC_+_43910967.23-ENST00000450892.2|STRC_-_43910947.23-ENST00000450892.2++STRC_+_43910967.23-ENST00000450892.2|STRC_-_43910947.23-ENST00000450892.2,2
SUGP1_-_19431214.23-P1P2|SUGP1_-_19431183.23-P1P2++SUGP1_-_19431214.23-P1P2|SUGP1_-_19431183.23-P1P2,2
SULT2B1_+_49055507.23-P1P2|SULT2B1_+_49055527.23-P1P2++SULT2B1_+_49055507.23-P1P2|SULT2B1_+_49055527.23-P1P2,1
SURF6_+_136202983.23-P1P2|SURF6_-_136202973.23-P1P2++SURF6_+_136202983.23-P1P2|SURF6_-_136202973.23-P1P2,2
SYPL2_+_110009211.23-P1P2|SYPL2_-_110009249.23-P1P2++SYPL2_+_110009211.23-P1P2|SYPL2_-_110009249.23-P1P2,3
SYT8_-_1856252.23-P1P2|SYT8_+_1856191.23-P1P2++SYT8_-_1856252.23-P1P2|SYT8_+_1856191.23-P1P2,1
TAAR8_+_132873903.23-ENST00000275200.1|TAAR8_+_132873919.23-ENST00000275200.1++DNAH3_+_21162117.23-P1P2|DNAH3_+_21162094.23-P1P2,3
TACC2_+_123922882.23-ENST00000360561.3|TACC2_+_123923125.23-ENST00000360561.3++TACC2_+_123922882.23-ENST00000360561.3|TACC2_+_123923125.23-ENST00000360561.3,1
TACR2_+_71176645.23-P2|TACR2_-_71176677.23-P2++TACR2_+_71176645.23-P2|TACR2_-_71176677.23-P2,2
TAF12_+_28969568.23-P1P2|TAF12_+_28969521.23-P1P2++TAF12_+_28969568.23-P1P2|TAF12_+_28969521.23-P1P2,1
TAF9_-_68665657.23-P1P2|TAF9_+_68665647.23-P1P2++TAF9_-_68665657.23-P1P2|TAF9_+_68665647.23-P1P2,1
TANC1_-_159825214.23-P1P2|TANC1_-_159825227.23-P1P2++TANC1_-_159825214.23-P1P2|TANC1_-_159825227.23-P1P2,1
TARBP1_+_234614648.23-P1P2|TARBP1_+_234614839.23-P1P2++TARBP1_+_234614648.23-P1P2|TARBP1_+_234614839.23-P1P2,1
TAX1BP3_+_3571825.23-P1P2|TAX1BP3_-_3571879.23-P1P2++TAX1BP3_+_3571825.23-P1P2|TAX1BP3_-_3571879.23-P1P2,3
TBC1D20_+_443153.23-P1P2|TBC1D20_+_443133.23-P1P2++TBC1D20_+_443153.23-P1P2|TBC1D20_+_443133.23-P1P2,3
TCEAL1_+_102883916.23-P1P2|TCEAL1_+_102884146.23-P1P2++TCEAL1_+_102883916.23-P1P2|TCEAL1_+_102884146.23-P1P2,1
TCF23_-_27372136.23-P1P2|TCF23_+_27371948.23-P1P2++TCF23_-_27372136.23-P1P2|TCF23_+_27371948.23-P1P2,1
TCTEX1D1_-_67218189.23-P1P2|TCTEX1D1_+_67218124.23-P1P2++TCTEX1D1_-_67218189.23-P1P2|TCTEX1D1_+_67218124.23-P1P2,3
TECPR2_-_102829440.23-P1P2|TECPR2_-_102829435.23-P1P2++TECPR2_-_102829440.23-P1P2|TECPR2_-_102829435.23-P1P2,4
TECTA_+_120972191.23-ENST00000392793.1|TECTA_+_120972194.23-ENST00000392793.1++TECTA_+_120972191.23-ENST00000392793.1|TECTA_+_120972194.23-ENST00000392793.1,2
TEF_+_41777992.23-P1|TEF_-_41777985.23-P1++TEF_+_41777992.23-P1|TEF_-_41777985.23-P1,4
TEX101_-_43919088.23-P2|TEX101_-_43919109.23-P2++TEX101_-_43919088.23-P2|TEX101_-_43919109.23-P2,6
TEX264_-_51705295.23-P1P2|TEX264_+_51705497.23-P1P2++TEX264_-_51705295.23-P1P2|TEX264_+_51705497.23-P1P2,1
THBS2_-_169653878.23-P1P2|THBS2_-_169653932.23-P1P2++THBS2_-_169653878.23-P1P2|THBS2_-_169653932.23-P1P2,2
TICRR_-_90118737.23-P1P2|TICRR_+_90118911.23-P1P2++TICRR_-_90118737.23-P1P2|TICRR_+_90118911.23-P1P2,1
TIMM17A_+_201924675.23-P1P2|TIMM17A_+_201925008.23-P1P2++TIMM17A_+_201924675.23-P1P2|TIMM17A_+_201925008.23-P1P2,2
TIMP4_+_12200413.23-P1P2|TIMP4_-_12200399.23-P1P2++TIMP4_+_12200413.23-P1P2|TIMP4_-_12200399.23-P1P2,4
TM9SF3_-_98346713.23-P1P2|TM9SF3_+_98346507.23-P1P2++TM9SF3_-_98346713.23-P1P2|TM9SF3_+_98346507.23-P1P2,1
TMEFF1_+_103235410.23-P1P2|TMEFF1_-_103235473.23-P1P2++TMEFF1_+_103235410.23-P1P2|TMEFF1_-_103235473.23-P1P2,1
TMEM121_-_105992982.23-P1|TMEM121_-_105992985.23-P1++TMEM121_-_105992982.23-P1|TMEM121_-_105992985.23-P1,4
TMEM14C_+_10723393.23-P1P2|TMEM14C_+_10723441.23-P1P2++TMEM14C_+_10723393.23-P1P2|TMEM14C_+_10723441.23-P1P2,2
TMEM179B_+_62554949.23-P1P2|TMEM179B_-_62554898.23-P1P2++TMEM179B_+_62554949.23-P1P2|TMEM179B_-_62554898.23-P1P2,5
TMEM179_-_105071089.23-P1P2|TMEM179_-_105071060.23-P1P2++TMEM179_-_105071089.23-P1P2|TMEM179_-_105071060.23-P1P2,2
TMEM185A_+_148713358.23-P1P2|TMEM185A_-_148713204.23-P1P2++TMEM185A_+_148713358.23-P1P2|TMEM185A_-_148713204.23-P1P2,5
TMEM191B_+_20378088.23-NM_001242313|TMEM191B_+_20377913.23-NM_001242313++TMEM191B_+_20378088.23-NM_001242313|TMEM191B_+_20377913.23-NM_001242313,3
TMEM208_-_67261234.23-P1P2|TMEM208_+_67261086.23-P1P2++TMEM208_-_67261234.23-P1P2|TMEM208_+_67261086.23-P1P2,2
TMEM217_-_37225882.23-P1P2|TMEM217_-_37225852.23-P1P2++TMEM217_-_37225882.23-P1P2|TMEM217_-_37225852.23-P1P2,1
TMEM237_+_202508194.23-P1P2|TMEM237_-_202508210.23-P1P2++TMEM237_+_202508194.23-P1P2|TMEM237_-_202508210.23-P1P2,4
TMEM2_+_74383413.23-P1P2|TMEM2_+_74383386.23-P1P2++TMEM2_+_74383413.23-P1P2|TMEM2_+_74383386.23-P1P2,2
TMEM35_+_100333912.23-P1P2|TMEM35_+_100333903.23-P1P2++ST3GAL3_+_44173404.23-P1P2|ST3GAL3_+_44173204.23-P1P2,2
TMEM41A_+_185216779.23-P1P2|TMEM41A_-_185216753.23-P1P2++TMEM41A_+_185216779.23-P1P2|TMEM41A_-_185216753.23-P1P2,2
TMEM74_+_109799801.23-P1P2|TMEM74_+_109799811.23-P1P2++TMEM74_+_109799801.23-P1P2|TMEM74_+_109799811.23-P1P2,2
TNFRSF18_-_1141916.23-P1P2|TNFRSF18_-_1141870.23-P1P2++TNFRSF18_-_1141916.23-P1P2|TNFRSF18_-_1141870.23-P1P2,1
TOPORS_+_32552576.23-P1P2|TOPORS_+_32552504.23-P1P2++TOPORS_+_32552576.23-P1P2|TOPORS_+_32552504.23-P1P2,3
TPCN2_-_68816586.23-P1P2|TPCN2_-_68816457.23-P1P2++TPCN2_-_68816586.23-P1P2|TPCN2_-_68816457.23-P1P2,6
TPD52L2_+_62496664.23-P1P2|TPD52L2_-_62496647.23-P1P2++TPD52L2_+_62496664.23-P1P2|TPD52L2_-_62496647.23-P1P2,1
TPSG1_+_1275248.23-P1P2|TPSG1_-_1275209.23-P1P2++TPSG1_+_1275248.23-P1P2|TPSG1_-_1275209.23-P1P2,3
TRABD2B_+_48463011.23-P1P2|TRABD2B_+_48463019.23-P1P2++TRABD2B_+_48463011.23-P1P2|TRABD2B_+_48463019.23-P1P2,2
TRAPPC10_-_45432698.23-P1P2|TRAPPC10_+_45432705.23-P1P2++TRAPPC10_-_45432698.23-P1P2|TRAPPC10_+_45432705.23-P1P2,2
TREH_+_118550366.23-P1P2|TREH_+_118550152.23-P1P2++LOC643669_-_39402803.23-P1P2|LOC643669_+_39402807.23-P1P2,5
TRIM14_-_100881520.23-P1P2|TRIM14_-_100881441.23-P1P2++TRIM14_-_100881520.23-P1P2|TRIM14_-_100881441.23-P1P2,8
TRIM17_-_228604165.23-P1P2|TRIM17_-_228604302.23-P1P2++TRIM17_-_228604165.23-P1P2|TRIM17_-_228604302.23-P1P2,2
TRIM40_-_30104310.23-P1P2|TRIM40_-_30104023.23-P1P2++TRIM40_-_30104310.23-P1P2|TRIM40_-_30104023.23-P1P2,1
TRIML1_-_189060807.23-P2|TRIML1_-_189060656.23-P2++TRIML1_-_189060807.23-P2|TRIML1_-_189060656.23-P2,3
TRIP12_-_230786461.23-P1P2|TRIP12_-_230786488.23-P1P2++TRIP12_-_230786461.23-P1P2|TRIP12_-_230786488.23-P1P2,3
TRMT1_-_13227169.23-P1P2|TRMT1_-_13227186.23-P1P2++TRMT1_-_13227169.23-P1P2|TRMT1_-_13227186.23-P1P2,1
TRMT6_-_5931159.23-P1P2|TRMT6_+_5931035.23-P1P2++TRMT6_-_5931159.23-P1P2|TRMT6_+_5931035.23-P1P2,3
TRNP1_+_27320231.23-P1P2|TRNP1_+_27320260.23-P1P2++TRNP1_+_27320231.23-P1P2|TRNP1_+_27320260.23-P1P2,5
TSGA10_+_99757903.23-P1P2|TSGA10_-_99757635.23-P1P2++TSGA10_+_99757903.23-P1P2|TSGA10_-_99757635.23-P1P2,1
TSHZ1_+_72922881.23-P1P2|TSHZ1_+_72922886.23-P1P2++TSHZ1_+_72922881.23-P1P2|TSHZ1_+_72922886.23-P1P2,4
TSPEAR_-_46131434.23-P1P2|TSPEAR_-_46131459.23-P1P2++TSPEAR_-_46131434.23-P1P2|TSPEAR_-_46131459.23-P1P2,1
TSR2_-_54466860.23-P1P2|TSR2_-_54467042.23-P1P2++PARD6G_-_78005410.23-P1P2|PARD6G_-_78005297.23-P1P2,1
TSSK2_-_19118809.23-P1P2|TSSK2_-_19118871.23-P1P2++TSSK2_-_19118809.23-P1P2|TSSK2_-_19118871.23-P1P2,1
TTC1_-_159436216.23-P1P2|TTC1_-_159436177.23-P1P2++TTC1_-_159436216.23-P1P2|TTC1_-_159436177.23-P1P2,4
TTC21B_+_166810291.23-P1P2|TTC21B_+_166810297.23-P1P2++TTC21B_+_166810291.23-P1P2|TTC21B_+_166810297.23-P1P2,2
TTF1_+_135282175.23-P1P2|TTF1_+_135282112.23-P1P2++TTF1_+_135282175.23-P1P2|TTF1_+_135282112.23-P1P2,1
TTLL2_+_167738657.23-P1P2|TTLL2_-_167738669.23-P1P2++TTLL2_+_167738657.23-P1P2|TTLL2_-_167738669.23-P1P2,3
TUBGCP3_+_113242380.23-P1P2|TUBGCP3_-_113242418.23-P1P2++TUBGCP3_+_113242380.23-P1P2|TUBGCP3_-_113242418.23-P1P2,1
TVP23A_-_10912456.23-P1P2|TVP23A_-_10912472.23-P1P2++TVP23A_-_10912456.23-P1P2|TVP23A_-_10912472.23-P1P2,1
T_+_166581924.23-P1P2|T_-_166582103.23-P1P2++T_+_166581924.23-P1P2|T_-_166582103.23-P1P2,1
UBA1_-_47053260.23-P1|UBA1_-_47053257.23-P1++UBA1_-_47053260.23-P1|UBA1_-_47053257.23-P1,1
UBE2K_-_39699796.23-P1P2|UBE2K_+_39699786.23-P1P2++UBE2K_-_39699796.23-P1P2|UBE2K_+_39699786.23-P1P2,2
URM1_-_131133686.23-P1P2|URM1_-_131133683.23-P1P2++URM1_-_131133686.23-P1P2|URM1_-_131133683.23-P1P2,2
USP22_-_20946275.23-P1P2|USP22_-_20946294.23-P1P2++USP22_-_20946275.23-P1P2|USP22_-_20946294.23-P1P2,3
USP30_-_109490609.23-P1P2|USP30_+_109490393.23-P1P2++USP30_-_109490609.23-P1P2|USP30_+_109490393.23-P1P2,2
USPL1_-_31192127.23-P1P2|USPL1_-_31192108.23-P1P2++USPL1_-_31192127.23-P1P2|USPL1_-_31192108.23-P1P2,1
VASN_-_4421855.23-P1P2|VASN_-_4421948.23-P1P2++VASN_-_4421855.23-P1P2|VASN_-_4421948.23-P1P2,1
VILL_+_38035665.23-P1|VILL_+_38035705.23-P1++VILL_+_38035665.23-P1|VILL_+_38035705.23-P1,1
VN1R4_-_53770577.23-ENST00000311170.4|VN1R4_+_53770922.23-ENST00000311170.4++VN1R4_-_53770577.23-ENST00000311170.4|VN1R4_+_53770922.23-ENST00000311170.4,3
VNN1_+_133008486.23-P2|VNN1_-_133008557.23-P2++VNN1_+_133008486.23-P2|VNN1_-_133008557.23-P2,1
VPS13D_-_12290177.23-P1P2|VPS13D_+_12290170.23-P1P2++VPS13D_-_12290177.23-P1P2|VPS13D_+_12290170.23-P1P2,2
VRTN_+_74815616.23-P1P2|VRTN_+_74815621.23-P1P2++VRTN_+_74815616.23-P1P2|VRTN_+_74815621.23-P1P2,1
VWA8_-_42535213.23-P1P2|VWA8_-_42535200.23-P1P2++VWA8_-_42535213.23-P1P2|VWA8_-_42535200.23-P1P2,1
WASL_-_123388989.23-P1P2|WASL_-_123389151.23-P1P2++WASL_-_123388989.23-P1P2|WASL_-_123389151.23-P1P2,2
WAS_-_48542230.23-P1P2|WAS_+_48542240.23-P1P2++WAS_-_48542230.23-P1P2|WAS_+_48542240.23-P1P2,2
WDFY2_+_52158585.23-P1P2|WDFY2_+_52158666.23-P1P2++WDFY2_+_52158585.23-P1P2|WDFY2_+_52158666.23-P1P2,2
WDR27_+_170102066.23-P1P2|WDR27_+_170102104.23-P1P2++WDR27_+_170102066.23-P1P2|WDR27_+_170102104.23-P1P2,1
WDR54_+_74649083.23-P1P2|WDR54_-_74649047.23-P1P2++WDR54_+_74649083.23-P1P2|WDR54_-_74649047.23-P1P2,3
WDSUB1_+_160143132.23-P1P2|WDSUB1_+_160143118.23-P1P2++WDSUB1_+_160143132.23-P1P2|WDSUB1_+_160143118.23-P1P2,1
WDTC1_-_27561600.23-P1P2|WDTC1_-_27561699.23-P1P2++WDTC1_-_27561600.23-P1P2|WDTC1_-_27561699.23-P1P2,1
WHAMM_-_83478431.23-P1P2|WHAMM_+_83478460.23-P1P2++WHAMM_-_83478431.23-P1P2|WHAMM_+_83478460.23-P1P2,1
WNT8B_-_102222820.23-P1P2|WNT8B_+_102222773.23-P1P2++WNT8B_-_102222820.23-P1P2|WNT8B_+_102222773.23-P1P2,1
WRAP53_-_7591780.23-P1P2|WRAP53_+_7591817.23-P1P2++WRAP53_-_7591780.23-P1P2|WRAP53_+_7591817.23-P1P2,2
WWC2_-_184020423.23-P1P2|WWC2_+_184020619.23-P1P2++WWC2_-_184020423.23-P1P2|WWC2_+_184020619.23-P1P2,2
XAGE2_+_52386497.23-ENST00000330906.4|XAGE2_-_52386939.23-ENST00000330906.4++XAGE2_+_52386497.23-ENST00000330906.4|XAGE2_-_52386939.23-ENST00000330906.4,2
YARS_+_33282894.23-P1P2|YARS_+_33282919.23-P1P2++YARS_+_33282894.23-P1P2|YARS_+_33282919.23-P1P2,2
YIPF1_+_54355402.23-P1P2|YIPF1_+_54355427.23-P1P2++YIPF1_+_54355402.23-P1P2|YIPF1_+_54355427.23-P1P2,1
YWHAB_+_43514370.23-P1P2|YWHAB_+_43514385.23-P1P2++YWHAB_+_43514370.23-P1P2|YWHAB_+_43514385.23-P1P2,1
ZBTB45_+_59031107.23-P1P2|ZBTB45_+_59031128.23-P1P2++ZBTB45_+_59031107.23-P1P2|ZBTB45_+_59031128.23-P1P2,1
ZBTB7C_+_45935713.23-P1|ZBTB7C_+_45935676.23-P1++ZBTB7C_+_45935713.23-P1|ZBTB7C_+_45935676.23-P1,1
ZC3H4_-_47615493.23-P1|ZC3H4_-_47615449.23-P1++CHAD_+_48546256.23-P1P2|CHAD_-_48546190.23-P1P2,1
ZC3H4_-_47615493.23-P1|ZC3H4_-_47615449.23-P1++ZC3H4_-_47615493.23-P1|ZC3H4_-_47615449.23-P1,3
ZCCHC11_+_53018701.23-P1P2|ZCCHC11_+_53018408.23-P1P2++ZCCHC11_+_53018701.23-P1P2|ZCCHC11_+_53018408.23-P1P2,2
ZCCHC24_+_81205370.23-P1P2|ZCCHC24_-_81205164.23-P1P2++ZCCHC24_+_81205370.23-P1P2|ZCCHC24_-_81205164.23-P1P2,2
ZCCHC3_-_278240.23-P1P2|ZCCHC3_-_278267.23-P1P2++ZCCHC3_-_278240.23-P1P2|ZCCHC3_-_278267.23-P1P2,4
ZDHHC12_-_131486364.23-P1P2|ZDHHC12_+_131486304.23-P1P2++ZDHHC12_-_131486364.23-P1P2|ZDHHC12_+_131486304.23-P1P2,2
ZFP2_-_178322943.23-P1P2|ZFP2_-_178322934.23-P1P2++ZFP2_-_178322943.23-P1P2|ZFP2_-_178322934.23-P1P2,2
ZFP90_-_68564042.23-P2|ZFP90_-_68564051.23-P2++ZFP90_-_68564042.23-P2|ZFP90_-_68564051.23-P2,3
ZFP92_+_152683853.23-ENST00000338647.5|ZFP92_-_152683783.23-ENST00000338647.5++ZFP92_+_152683853.23-ENST00000338647.5|ZFP92_-_152683783.23-ENST00000338647.5,3
ZFYVE28_+_2420361.23-P1P2|ZFYVE28_-_2420324.23-P1P2++ZFYVE28_+_2420361.23-P1P2|ZFYVE28_-_2420324.23-P1P2,1
ZNF184_+_27440648.23-P1P2|ZNF184_-_27440637.23-P1P2++ZNF184_+_27440648.23-P1P2|ZNF184_-_27440637.23-P1P2,1
ZNF222_+_44529561.23-P1P2|ZNF222_+_44529566.23-P1P2++ZNF222_+_44529561.23-P1P2|ZNF222_+_44529566.23-P1P2,1
ZNF24_+_32924385.23-P1P2|ZNF24_-_32924370.23-P1P2++ZNF24_+_32924385.23-P1P2|ZNF24_-_32924370.23-P1P2,1
ZNF263_-_3313843.23-P2|ZNF263_-_3313847.23-P2++ZNF263_-_3313843.23-P2|ZNF263_-_3313847.23-P2,4
ZNF354A_+_178157646.23-P1P2|ZNF354A_+_178157617.23-P1P2++DNAL4_+_39190171.23-P1|DNAL4_+_39190071.23-P1,1
ZNF354A_+_178157646.23-P1P2|ZNF354A_+_178157617.23-P1P2++ZNF354A_+_178157646.23-P1P2|ZNF354A_+_178157617.23-P1P2,3
ZNF383_-_37709123.23-P1P2|ZNF383_+_37709143.23-P1P2++ZNF383_-_37709123.23-P1P2|ZNF383_+_37709143.23-P1P2,1
ZNF385A_-_54784931.23-P2|ZNF385A_-_54784944.23-P2++ZNF385A_-_54784931.23-P2|ZNF385A_-_54784944.23-P2,1
ZNF385D_+_21792638.23-P1P2|ZNF385D_-_21792604.23-P1P2++ZNF385D_+_21792638.23-P1P2|ZNF385D_-_21792604.23-P1P2,3
ZNF433_+_12146457.23-P1P2|ZNF433_+_12146472.23-P1P2++ZNF433_+_12146457.23-P1P2|ZNF433_+_12146472.23-P1P2,1
ZNF488_-_48355092.23-P1|ZNF488_+_48355106.23-P1++ZNF488_-_48355092.23-P1|ZNF488_+_48355106.23-P1,4
ZNF570_-_37958459.23-P2|ZNF570_+_37958413.23-P2++ZNF570_-_37958459.23-P2|ZNF570_+_37958413.23-P2,2
ZNF581_+_56155029.23-P1|ZNF581_+_56155049.23-P1++ZNF581_+_56155029.23-P1|ZNF581_+_56155049.23-P1,1
ZNF599_-_35264102.23-P1P2|ZNF599_+_35264040.23-P1P2++ZNF599_-_35264102.23-P1P2|ZNF599_+_35264040.23-P1P2,2
ZNF683_-_26697258.23-P1P2|ZNF683_+_26697159.23-P1P2++ZNF683_-_26697258.23-P1P2|ZNF683_+_26697159.23-P1P2,2
ZNF684_-_40997369.23-P1P2|ZNF684_+_40997354.23-P1P2++ZNF684_-_40997369.23-P1P2|ZNF684_+_40997354.23-P1P2,2
ZNF768_-_30537856.23-P1|ZNF768_+_30537868.23-P1++ZNF768_-_30537856.23-P1|ZNF768_+_30537868.23-P1,1
ZNF837_+_58892387.23-P1P2|ZNF837_+_58892299.23-P1P2++ZNF837_+_58892387.23-P1P2|ZNF837_+_58892299.23-P1P2,1
ZNRD1_+_30029087.23-P1P2|ZNRD1_-_30029063.23-P1P2++ZNRD1_+_30029087.23-P1P2|ZNRD1_-_30029063.23-P1P2,1
ZP1_-_60637997.23-P1P2|ZP1_+_60637961.23-P1P2++ZP1_-_60637997.23-P1P2|ZP1_+_60637961.23-P1P2,2
ZSCAN22_+_58838447.23-P1P2|ZSCAN22_-_58838453.23-P1P2++ZSCAN22_+_58838447.23-P1P2|ZSCAN22_-_58838453.23-P1P2,3
non-targeting_00065|non-targeting_02434++non-targeting_00065|non-targeting_02434,1
non-targeting_00144|non-targeting_02076++non-targeting_00144|non-targeting_02076,2
non-targeting_00220|non-targeting_00362++non-targeting_00220|non-targeting_00362,2
non-targeting_00246|non-targeting_01308++non-targeting_00246|non-targeting_01308,1
non-targeting_00355|non-targeting_01829++non-targeting_00355|non-targeting_01829,1
non-targeting_00379|non-targeting_02968++non-targeting_00379|non-targeting_02968,3
non-targeting_00485|non-targeting_00653++non-targeting_00485|non-targeting_00653,2
non-targeting_00539|non-targeting_03531++non-targeting_00539|non-targeting_03531,1
non-targeting_00781|non-targeting_01302++non-targeting_00781|non-targeting_01302,1
non-targeting_00918|non-targeting_00078++non-targeting_00918|non-targeting_00078,2
non-targeting_01046|non-targeting_00884++non-targeting_01046|non-targeting_00884,4
non-targeting_01326|non-targeting_03782++GDPD2_-_69643178.23-P1P2|GDPD2_-_69643420.23-P1P2,2
non-targeting_01371|non-targeting_00870++non-targeting_01371|non-targeting_00870,1
non-targeting_01376|non-targeting_00354++non-targeting_01376|non-targeting_00354,2
non-targeting_01412|non-targeting_02078++non-targeting_01412|non-targeting_02078,1
non-targeting_01460|non-targeting_02125++non-targeting_01460|non-targeting_02125,1
non-targeting_01907|non-targeting_01998++non-targeting_01907|non-targeting_01998,3
non-targeting_01936|non-targeting_01870++non-targeting_01936|non-targeting_01870,3
non-targeting_01943|non-targeting_02552++non-targeting_01943|non-targeting_02552,1
non-targeting_01945|non-targeting_00636++non-targeting_01945|non-targeting_00636,2
non-targeting_01981|non-targeting_01172++non-targeting_01981|non-targeting_01172,1
non-targeting_02209|non-targeting_02240++non-targeting_02209|non-targeting_02240,1
non-targeting_02498|non-targeting_03354++non-targeting_02498|non-targeting_03354,2
non-targeting_02635|non-targeting_02356++non-targeting_02635|non-targeting_02356,3
non-targeting_02743|non-targeting_00008++non-targeting_02743|non-targeting_00008,1
non-targeting_02778|non-targeting_00801++non-targeting_02778|non-targeting_00801,1
non-targeting_02908|non-targeting_02422++non-targeting_02908|non-targeting_02422,1
non-targeting_03275|non-targeting_01954++non-targeting_03275|non-targeting_01954,1
non-targeting_03523|non-targeting_00802++non-targeting_03523|non-targeting_00802,1
non-targeting_03670|non-targeting_01094++non-targeting_03670|non-targeting_01094,1